Background of Architect,Structure Type,Required Construction Materials,Characterization of Blueprints,Is Completed Structure Impossible?,Cost of Structure
Apprenticed under M. Escher,Uncategorizable Thing,Silver and Steel,Obsessively Detailed,Yes,58331
Apprenticed under M. Bosch,Uncategorizable Thing,Steel and Nightmares,Hastily Sketched,Yes,4959
Apprenticed under M. Bosch,Mechanism,Wood and Glass,Obsessively Detailed,No,28416
Apprenticed under P. Stamatin,Tower,Wood and Nightmares,Hastily Sketched,Yes,949
Apprenticed under R. Penrose,Uncategorizable Thing,Silver and Nightmares,Obsessively Detailed,No,58253
Apprenticed under M. Escher,Maze,Silver and Nightmares,Hastily Sketched,No,72609
Apprenticed under P. Stamatin,Uncategorizable Thing,Steel and Glass,Deceptively Ordinary,No,26374
Apprenticed under P. Stamatin,Maze,Silver and Nightmares,Hastily Sketched,No,54572
Apprenticed under M. Escher,Uncategorizable Thing,Steel and Dreams,Deceptively Ordinary,No,977340
Apprenticed under M. Escher,Mechanism,Silver and Steel,Hastily Sketched,No,87756
Self-Taught,Maze,Silver and Dreams,Deceptively Ordinary,No,608111
Self-Taught,Tower,Glass and Nightmares,Obsessively Detailed,Yes,29139
Apprenticed under M. Bosch,Maze,Wood and Steel,Deceptively Ordinary,No,3738
Apprenticed under T. Geisel,Maze,Glass and Wood,Hastily Sketched,No,22652
Apprenticed under M. Escher,Uncategorizable Thing,Wood and Silver,Deceptively Ordinary,No,88647
Apprenticed under M. Bosch,Maze,Steel and Dreams,Obsessively Detailed,No,313676
Self-Taught,Library,Wood and Nightmares,Hastily Sketched,No,690
Self-Taught,Library,Silver and Steel,Obsessively Detailed,No,72649
Apprenticed under T. Geisel,Gateway,Wood and Nightmares,Hastily Sketched,Yes,737
Apprenticed under R. Penrose,Mechanism,Steel and Dreams,Hastily Sketched,No,580966
Self-Taught,Gateway,Steel and Dreams,Deceptively Ordinary,Yes,552875
Self-Taught,Tower,Glass and Nightmares,Obsessively Detailed,Yes,35058
Apprenticed under M. Escher,Library,Wood and Steel,Hastily Sketched,No,8007
Apprenticed under T. Geisel,Mechanism,Silver and Steel,Obsessively Detailed,No,105344
Apprenticed under M. Escher,Uncategorizable Thing,Wood and Dreams,Hastily Sketched,No,800105
Apprenticed under M. Escher,Gateway,Silver and Nightmares,Hastily Sketched,Yes,64014
Apprenticed under R. Penrose,Mechanism,Glass and Wood,Hastily Sketched,No,21093
Apprenticed under R. Penrose,Uncategorizable Thing,Wood and Silver,Hastily Sketched,No,75710
Apprenticed under R. Penrose,Maze,Wood and Dreams,Hastily Sketched,No,536761
Self-Taught,Maze,Steel and Wood,Deceptively Ordinary,No,7208
Apprenticed under M. Bosch,Tower,Steel and Glass,Hastily Sketched,Yes,26908
Apprenticed under M. Bosch,Maze,Steel and Dreams,Obsessively Detailed,No,881545
Apprenticed under R. Penrose,Library,Steel and Dreams,Hastily Sketched,No,446360
Apprenticed under M. Escher,Uncategorizable Thing,Steel and Wood,Hastily Sketched,No,4014
Apprenticed under R. Penrose,Maze,Glass and Wood,Hastily Sketched,No,35853
Apprenticed under M. Escher,Gateway,Glass and Nightmares,Hastily Sketched,Yes,25794
Apprenticed under M. Escher,Uncategorizable Thing,Glass and Silver,Hastily Sketched,Yes,117111
Apprenticed under M. Escher,Library,Steel and Dreams,Obsessively Detailed,No,681766
Apprenticed under P. Stamatin,Mechanism,Steel and Glass,Obsessively Detailed,No,45930
Apprenticed under T. Geisel,Maze,Silver and Wood,Obsessively Detailed,No,81191
Apprenticed under T. Geisel,Tower,Glass and Steel,Hastily Sketched,Yes,27817
Self-Taught,Mechanism,Wood and Nightmares,Obsessively Detailed,No,567
Apprenticed under M. Escher,Gateway,Wood and Steel,Hastily Sketched,Yes,5174
Apprenticed under M. Bosch,Mechanism,Steel and Dreams,Hastily Sketched,No,251656
Apprenticed under M. Escher,Mechanism,Wood and Steel,Obsessively Detailed,No,5508
Apprenticed under T. Geisel,Mechanism,Steel and Silver,Deceptively Ordinary,No,72581
Apprenticed under M. Bosch,Mechanism,Silver and Nightmares,Obsessively Detailed,No,72604
Apprenticed under M. Bosch,Tower,Wood and Steel,Obsessively Detailed,Yes,10002
Apprenticed under R. Penrose,Library,Wood and Nightmares,Obsessively Detailed,No,780
Apprenticed under M. Bosch,Library,Steel and Nightmares,Hastily Sketched,No,4990
Self-Taught,Library,Steel and Dreams,Hastily Sketched,No,926409
Apprenticed under P. Stamatin,Library,Steel and Wood,Hastily Sketched,No,10079
Apprenticed under P. Stamatin,Mechanism,Wood and Steel,Hastily Sketched,No,9450
Apprenticed under T. Geisel,Uncategorizable Thing,Silver and Nightmares,Hastily Sketched,No,78798
Apprenticed under R. Penrose,Uncategorizable Thing,Silver and Dreams,Deceptively Ordinary,No,319950
Self-Taught,Tower,Wood and Dreams,Hastily Sketched,Yes,970246
Apprenticed under M. Escher,Mechanism,Steel and Silver,Hastily Sketched,No,69818
Apprenticed under M. Escher,Maze,Silver and Steel,Obsessively Detailed,No,69461
Self-Taught,Gateway,Silver and Wood,Obsessively Detailed,Yes,90025
Apprenticed under T. Geisel,Mechanism,Silver and Dreams,Obsessively Detailed,No,865639
Self-Taught,Mechanism,Silver and Wood,Hastily Sketched,No,94103
Self-Taught,Maze,Silver and Wood,Obsessively Detailed,No,68840
Apprenticed under M. Bosch,Uncategorizable Thing,Glass and Dreams,Hastily Sketched,No,333727
Apprenticed under M. Escher,Mechanism,Steel and Wood,Obsessively Detailed,No,6384
Apprenticed under M. Bosch,Mechanism,Steel and Dreams,Hastily Sketched,No,534804
Apprenticed under M. Bosch,Uncategorizable Thing,Wood and Steel,Deceptively Ordinary,Yes,2680
Apprenticed under M. Bosch,Uncategorizable Thing,Glass and Wood,Hastily Sketched,Yes,22702
Apprenticed under M. Escher,Uncategorizable Thing,Wood and Nightmares,Deceptively Ordinary,Yes,730
Apprenticed under P. Stamatin,Maze,Silver and Glass,Obsessively Detailed,No,105536
Apprenticed under T. Geisel,Maze,Silver and Glass,Deceptively Ordinary,No,86044
Apprenticed under R. Penrose,Tower,Wood and Steel,Hastily Sketched,Yes,4562
Apprenticed under M. Escher,Library,Steel and Wood,Obsessively Detailed,No,5316
Apprenticed under T. Geisel,Gateway,Wood and Dreams,Hastily Sketched,Yes,577366
Apprenticed under T. Geisel,Tower,Steel and Nightmares,Obsessively Detailed,Yes,8274
Apprenticed under P. Stamatin,Library,Steel and Wood,Deceptively Ordinary,No,10629
Apprenticed under P. Stamatin,Tower,Steel and Silver,Deceptively Ordinary,Yes,94005
Apprenticed under P. Stamatin,Library,Glass and Nightmares,Deceptively Ordinary,No,26714
Apprenticed under P. Stamatin,Uncategorizable Thing,Glass and Silver,Obsessively Detailed,No,122408
Self-Taught,Library,Wood and Silver,Hastily Sketched,No,99091
Apprenticed under T. Geisel,Mechanism,Silver and Dreams,Obsessively Detailed,No,1038966
Apprenticed under T. Geisel,Tower,Wood and Dreams,Hastily Sketched,Yes,596039
Apprenticed under P. Stamatin,Uncategorizable Thing,Steel and Dreams,Hastily Sketched,No,928092
Apprenticed under M. Bosch,Maze,Wood and Glass,Obsessively Detailed,No,25681
Self-Taught,Maze,Glass and Nightmares,Obsessively Detailed,No,32103
Apprenticed under M. Bosch,Tower,Silver and Dreams,Deceptively Ordinary,Yes,616352
Apprenticed under T. Geisel,Gateway,Steel and Glass,Obsessively Detailed,Yes,26506
Apprenticed under M. Escher,Mechanism,Glass and Dreams,Obsessively Detailed,No,482018
Self-Taught,Mechanism,Wood and Steel,Hastily Sketched,No,3423
Self-Taught,Maze,Wood and Nightmares,Obsessively Detailed,No,592
Apprenticed under M. Escher,Library,Wood and Nightmares,Hastily Sketched,No,905
Apprenticed under M. Escher,Uncategorizable Thing,Wood and Dreams,Hastily Sketched,No,829058
Apprenticed under T. Geisel,Tower,Wood and Nightmares,Obsessively Detailed,Yes,943
Apprenticed under M. Escher,Gateway,Silver and Dreams,Deceptively Ordinary,Yes,553964
Apprenticed under M. Bosch,Uncategorizable Thing,Silver and Dreams,Deceptively Ordinary,No,545861
Apprenticed under P. Stamatin,Library,Glass and Steel,Deceptively Ordinary,No,41008
Apprenticed under R. Penrose,Uncategorizable Thing,Wood and Steel,Obsessively Detailed,No,6649
Apprenticed under M. Bosch,Maze,Wood and Glass,Obsessively Detailed,No,28454
Self-Taught,Maze,Wood and Silver,Deceptively Ordinary,No,58810
Self-Taught,Library,Silver and Dreams,Deceptively Ordinary,No,740758
Self-Taught,Gateway,Steel and Dreams,Obsessively Detailed,Yes,987858
Apprenticed under R. Penrose,Mechanism,Steel and Dreams,Obsessively Detailed,No,687052
Apprenticed under M. Escher,Mechanism,Steel and Nightmares,Obsessively Detailed,No,3439
Apprenticed under P. Stamatin,Uncategorizable Thing,Steel and Dreams,Deceptively Ordinary,No,784496
Self-Taught,Mechanism,Steel and Silver,Obsessively Detailed,No,70325
Apprenticed under P. Stamatin,Mechanism,Glass and Silver,Obsessively Detailed,No,91452
Self-Taught,Mechanism,Glass and Wood,Deceptively Ordinary,No,31332
Apprenticed under M. Escher,Uncategorizable Thing,Wood and Dreams,Obsessively Detailed,Yes,983698
Apprenticed under M. Escher,Library,Glass and Nightmares,Deceptively Ordinary,No,33357
Self-Taught,Tower,Steel and Glass,Obsessively Detailed,Yes,37166
Apprenticed under T. Geisel,Gateway,Silver and Dreams,Obsessively Detailed,Yes,978738
Self-Taught,Tower,Glass and Steel,Obsessively Detailed,Yes,47607
Apprenticed under M. Bosch,Library,Steel and Nightmares,Obsessively Detailed,No,8722
Apprenticed under T. Geisel,Tower,Wood and Nightmares,Obsessively Detailed,Yes,691
Apprenticed under M. Escher,Mechanism,Wood and Glass,Hastily Sketched,No,30197
Apprenticed under M. Bosch,Maze,Silver and Steel,Hastily Sketched,No,76670
Apprenticed under R. Penrose,Uncategorizable Thing,Wood and Steel,Obsessively Detailed,Yes,9505
Apprenticed under P. Stamatin,Mechanism,Glass and Dreams,Obsessively Detailed,No,445285
Apprenticed under M. Escher,Uncategorizable Thing,Glass and Nightmares,Hastily Sketched,No,30857
Apprenticed under M. Bosch,Tower,Glass and Silver,Obsessively Detailed,Yes,102438
Apprenticed under R. Penrose,Maze,Steel and Dreams,Obsessively Detailed,No,592110
Self-Taught,Uncategorizable Thing,Wood and Nightmares,Hastily Sketched,Yes,537
Apprenticed under R. Penrose,Maze,Steel and Nightmares,Obsessively Detailed,No,7527
Apprenticed under P. Stamatin,Maze,Wood and Steel,Hastily Sketched,No,3191
Apprenticed under M. Bosch,Uncategorizable Thing,Silver and Dreams,Deceptively Ordinary,Yes,1037804
Self-Taught,Maze,Steel and Silver,Deceptively Ordinary,No,71179
Apprenticed under M. Escher,Gateway,Silver and Steel,Obsessively Detailed,Yes,74860
Apprenticed under T. Geisel,Maze,Silver and Glass,Obsessively Detailed,No,121352
Apprenticed under P. Stamatin,Maze,Silver and Nightmares,Obsessively Detailed,No,61613
Apprenticed under M. Bosch,Uncategorizable Thing,Steel and Nightmares,Hastily Sketched,No,2376
Apprenticed under P. Stamatin,Maze,Wood and Dreams,Hastily Sketched,No,604894
Apprenticed under T. Geisel,Mechanism,Silver and Wood,Obsessively Detailed,No,51158
Apprenticed under M. Bosch,Tower,Wood and Steel,Deceptively Ordinary,Yes,8385
Apprenticed under M. Bosch,Uncategorizable Thing,Wood and Glass,Obsessively Detailed,Yes,29909
Apprenticed under P. Stamatin,Tower,Wood and Steel,Hastily Sketched,Yes,3159
Self-Taught,Mechanism,Silver and Nightmares,Deceptively Ordinary,No,77575
Apprenticed under P. Stamatin,Tower,Silver and Wood,Hastily Sketched,Yes,73923
Apprenticed under R. Penrose,Gateway,Silver and Steel,Hastily Sketched,Yes,57785
Self-Taught,Mechanism,Wood and Steel,Deceptively Ordinary,No,9643
Apprenticed under R. Penrose,Tower,Glass and Silver,Deceptively Ordinary,Yes,96743
Self-Taught,Mechanism,Wood and Silver,Hastily Sketched,No,96164
Self-Taught,Tower,Silver and Nightmares,Obsessively Detailed,Yes,78410
Apprenticed under M. Escher,Maze,Wood and Glass,Deceptively Ordinary,No,33787
Self-Taught,Library,Steel and Glass,Hastily Sketched,No,39174
Apprenticed under M. Bosch,Maze,Wood and Silver,Hastily Sketched,No,72590
Apprenticed under P. Stamatin,Gateway,Steel and Dreams,Hastily Sketched,Yes,285419
Self-Taught,Library,Silver and Steel,Obsessively Detailed,No,74706
Apprenticed under P. Stamatin,Uncategorizable Thing,Wood and Nightmares,Obsessively Detailed,Yes,878
Apprenticed under T. Geisel,Uncategorizable Thing,Steel and Dreams,Hastily Sketched,No,952566
Apprenticed under M. Bosch,Mechanism,Wood and Steel,Hastily Sketched,No,7170
Apprenticed under P. Stamatin,Mechanism,Silver and Wood,Deceptively Ordinary,No,96332
Apprenticed under T. Geisel,Mechanism,Wood and Silver,Obsessively Detailed,No,89214
Apprenticed under M. Bosch,Uncategorizable Thing,Steel and Silver,Hastily Sketched,Yes,92696
Apprenticed under M. Bosch,Gateway,Steel and Silver,Hastily Sketched,Yes,87080
Self-Taught,Uncategorizable Thing,Wood and Silver,Hastily Sketched,Yes,75999
Apprenticed under M. Bosch,Gateway,Wood and Nightmares,Deceptively Ordinary,Yes,726
Apprenticed under P. Stamatin,Gateway,Steel and Nightmares,Obsessively Detailed,Yes,8350
Apprenticed under P. Stamatin,Mechanism,Glass and Steel,Obsessively Detailed,No,36961
Apprenticed under P. Stamatin,Maze,Silver and Nightmares,Hastily Sketched,No,74902
Apprenticed under M. Bosch,Uncategorizable Thing,Glass and Silver,Obsessively Detailed,No,122674
Apprenticed under R. Penrose,Tower,Glass and Steel,Deceptively Ordinary,Yes,31872
Apprenticed under T. Geisel,Maze,Glass and Silver,Hastily Sketched,No,99546
Self-Taught,Gateway,Wood and Glass,Hastily Sketched,Yes,30195
Self-Taught,Tower,Steel and Nightmares,Deceptively Ordinary,Yes,4548
Apprenticed under T. Geisel,Tower,Glass and Dreams,Deceptively Ordinary,Yes,336734
Self-Taught,Uncategorizable Thing,Silver and Nightmares,Hastily Sketched,Yes,79573
Self-Taught,Uncategorizable Thing,Steel and Silver,Obsessively Detailed,Yes,83705
Apprenticed under P. Stamatin,Gateway,Wood and Glass,Hastily Sketched,Yes,30210
Apprenticed under M. Bosch,Mechanism,Silver and Wood,Obsessively Detailed,No,81594
Apprenticed under T. Geisel,Gateway,Wood and Steel,Hastily Sketched,Yes,9230
Apprenticed under P. Stamatin,Mechanism,Glass and Wood,Obsessively Detailed,No,24076
Apprenticed under M. Escher,Mechanism,Silver and Steel,Hastily Sketched,No,82458
Apprenticed under R. Penrose,Tower,Silver and Glass,Hastily Sketched,Yes,86738
Apprenticed under P. Stamatin,Uncategorizable Thing,Glass and Steel,Hastily Sketched,No,42033
Apprenticed under P. Stamatin,Gateway,Silver and Glass,Hastily Sketched,Yes,113312
Apprenticed under M. Escher,Uncategorizable Thing,Glass and Wood,Deceptively Ordinary,Yes,33407
Apprenticed under R. Penrose,Maze,Glass and Dreams,Obsessively Detailed,No,676695
Apprenticed under M. Escher,Tower,Silver and Dreams,Deceptively Ordinary,Yes,759461
Self-Taught,Mechanism,Silver and Glass,Hastily Sketched,No,111453
Apprenticed under M. Escher,Gateway,Wood and Dreams,Obsessively Detailed,Yes,667775
Apprenticed under P. Stamatin,Mechanism,Wood and Dreams,Hastily Sketched,No,206061
Apprenticed under M. Escher,Uncategorizable Thing,Wood and Nightmares,Hastily Sketched,No,717
Apprenticed under M. Bosch,Maze,Wood and Dreams,Obsessively Detailed,No,970838
Apprenticed under T. Geisel,Gateway,Glass and Dreams,Hastily Sketched,Yes,554396
Apprenticed under P. Stamatin,Tower,Silver and Nightmares,Deceptively Ordinary,Yes,61285
Apprenticed under R. Penrose,Maze,Glass and Silver,Deceptively Ordinary,No,109964
Apprenticed under M. Bosch,Uncategorizable Thing,Glass and Nightmares,Obsessively Detailed,No,37057
Self-Taught,Uncategorizable Thing,Silver and Glass,Deceptively Ordinary,No,137905
Apprenticed under T. Geisel,Tower,Steel and Wood,Obsessively Detailed,Yes,3678
Self-Taught,Gateway,Glass and Wood,Hastily Sketched,Yes,34027
Apprenticed under T. Geisel,Uncategorizable Thing,Wood and Glass,Obsessively Detailed,Yes,29502
Apprenticed under P. Stamatin,Maze,Steel and Silver,Hastily Sketched,No,61708
Apprenticed under P. Stamatin,Uncategorizable Thing,Glass and Wood,Hastily Sketched,No,22879
Apprenticed under P. Stamatin,Tower,Steel and Wood,Obsessively Detailed,Yes,3458
Apprenticed under R. Penrose,Gateway,Wood and Steel,Obsessively Detailed,Yes,9792
Apprenticed under M. Escher,Library,Silver and Wood,Deceptively Ordinary,No,91222
Apprenticed under P. Stamatin,Uncategorizable Thing,Glass and Nightmares,Hastily Sketched,Yes,37642
Apprenticed under M. Escher,Uncategorizable Thing,Glass and Wood,Hastily Sketched,No,24227
Apprenticed under P. Stamatin,Library,Glass and Steel,Obsessively Detailed,No,24857
Apprenticed under P. Stamatin,Mechanism,Glass and Nightmares,Deceptively Ordinary,No,27617
Apprenticed under M. Escher,Maze,Glass and Steel,Hastily Sketched,No,48359
Apprenticed under M. Bosch,Mechanism,Wood and Silver,Hastily Sketched,No,64419
Apprenticed under M. Bosch,Uncategorizable Thing,Glass and Dreams,Deceptively Ordinary,Yes,738130
Self-Taught,Tower,Glass and Steel,Hastily Sketched,Yes,38691
Apprenticed under T. Geisel,Maze,Wood and Dreams,Deceptively Ordinary,No,428722
Apprenticed under R. Penrose,Maze,Wood and Glass,Obsessively Detailed,No,37892
Self-Taught,Library,Steel and Nightmares,Hastily Sketched,No,3306
Apprenticed under P. Stamatin,Uncategorizable Thing,Silver and Dreams,Hastily Sketched,Yes,333362
Apprenticed under T. Geisel,Uncategorizable Thing,Glass and Wood,Obsessively Detailed,No,28871
Apprenticed under P. Stamatin,Mechanism,Wood and Dreams,Deceptively Ordinary,No,823161
Apprenticed under M. Escher,Tower,Wood and Dreams,Obsessively Detailed,Yes,971136
Self-Taught,Tower,Steel and Silver,Deceptively Ordinary,Yes,87656
Apprenticed under M. Bosch,Maze,Steel and Wood,Deceptively Ordinary,No,10346
Apprenticed under M. Bosch,Uncategorizable Thing,Steel and Dreams,Hastily Sketched,No,692650
Self-Taught,Mechanism,Glass and Silver,Hastily Sketched,No,127498
Apprenticed under M. Escher,Tower,Glass and Silver,Hastily Sketched,Yes,91476
Apprenticed under M. Bosch,Tower,Silver and Wood,Deceptively Ordinary,Yes,91899
Apprenticed under M. Escher,Uncategorizable Thing,Glass and Dreams,Hastily Sketched,Yes,904914
Apprenticed under T. Geisel,Library,Silver and Wood,Obsessively Detailed,No,82759
Apprenticed under P. Stamatin,Uncategorizable Thing,Steel and Dreams,Obsessively Detailed,No,490558
Apprenticed under P. Stamatin,Tower,Steel and Dreams,Hastily Sketched,Yes,618249
Apprenticed under M. Escher,Gateway,Steel and Glass,Obsessively Detailed,Yes,36526
Apprenticed under M. Escher,Uncategorizable Thing,Wood and Silver,Deceptively Ordinary,Yes,96175
Apprenticed under M. Bosch,Uncategorizable Thing,Steel and Nightmares,Obsessively Detailed,No,9280
Apprenticed under R. Penrose,Uncategorizable Thing,Steel and Dreams,Obsessively Detailed,No,978397
Self-Taught,Mechanism,Steel and Glass,Hastily Sketched,No,41030
Apprenticed under M. Bosch,Uncategorizable Thing,Silver and Dreams,Obsessively Detailed,No,369097
Apprenticed under P. Stamatin,Uncategorizable Thing,Silver and Steel,Obsessively Detailed,Yes,91063
Apprenticed under P. Stamatin,Uncategorizable Thing,Steel and Dreams,Obsessively Detailed,No,972953
Apprenticed under M. Escher,Library,Steel and Nightmares,Deceptively Ordinary,No,6725
Apprenticed under P. Stamatin,Maze,Silver and Glass,Hastily Sketched,No,114698
Self-Taught,Mechanism,Wood and Dreams,Obsessively Detailed,No,988962
Self-Taught,Library,Silver and Dreams,Obsessively Detailed,No,775518
Apprenticed under P. Stamatin,Gateway,Wood and Dreams,Hastily Sketched,Yes,668687
Apprenticed under M. Escher,Library,Wood and Steel,Obsessively Detailed,No,8133
Apprenticed under R. Penrose,Maze,Steel and Silver,Hastily Sketched,No,57364
Apprenticed under T. Geisel,Gateway,Glass and Nightmares,Deceptively Ordinary,Yes,20593
Apprenticed under R. Penrose,Mechanism,Wood and Steel,Obsessively Detailed,No,7246
Apprenticed under R. Penrose,Maze,Glass and Wood,Obsessively Detailed,No,38921
Self-Taught,Tower,Silver and Wood,Deceptively Ordinary,Yes,56913
Apprenticed under M. Escher,Maze,Silver and Nightmares,Deceptively Ordinary,No,82178
Apprenticed under M. Bosch,Library,Glass and Nightmares,Obsessively Detailed,No,34040
Apprenticed under T. Geisel,Uncategorizable Thing,Steel and Wood,Obsessively Detailed,Yes,7944
Apprenticed under P. Stamatin,Uncategorizable Thing,Glass and Wood,Hastily Sketched,No,21650
Apprenticed under P. Stamatin,Library,Silver and Dreams,Hastily Sketched,No,693863
Apprenticed under T. Geisel,Maze,Silver and Nightmares,Hastily Sketched,No,52181
Apprenticed under M. Escher,Uncategorizable Thing,Steel and Silver,Deceptively Ordinary,No,92813
Apprenticed under P. Stamatin,Library,Glass and Nightmares,Obsessively Detailed,No,22816
Apprenticed under P. Stamatin,Library,Steel and Nightmares,Hastily Sketched,No,6720
Self-Taught,Tower,Silver and Wood,Hastily Sketched,Yes,84119
Self-Taught,Mechanism,Steel and Wood,Obsessively Detailed,No,9936
Apprenticed under M. Escher,Uncategorizable Thing,Glass and Nightmares,Obsessively Detailed,Yes,23675
Apprenticed under P. Stamatin,Uncategorizable Thing,Steel and Dreams,Obsessively Detailed,No,753602
Self-Taught,Mechanism,Steel and Silver,Deceptively Ordinary,No,96943
Apprenticed under R. Penrose,Mechanism,Silver and Nightmares,Deceptively Ordinary,No,59829
Apprenticed under P. Stamatin,Mechanism,Steel and Dreams,Hastily Sketched,No,565939
Apprenticed under P. Stamatin,Library,Wood and Glass,Hastily Sketched,No,36961
Apprenticed under P. Stamatin,Library,Steel and Glass,Hastily Sketched,No,44245
Apprenticed under M. Bosch,Tower,Silver and Nightmares,Obsessively Detailed,Yes,96448
Self-Taught,Uncategorizable Thing,Glass and Dreams,Hastily Sketched,Yes,725316
Apprenticed under M. Escher,Mechanism,Silver and Wood,Deceptively Ordinary,No,58488
Apprenticed under P. Stamatin,Uncategorizable Thing,Silver and Steel,Hastily Sketched,No,106355
Apprenticed under P. Stamatin,Maze,Glass and Nightmares,Hastily Sketched,No,21818
Apprenticed under M. Bosch,Library,Steel and Silver,Hastily Sketched,No,84363
Apprenticed under R. Penrose,Library,Silver and Dreams,Deceptively Ordinary,No,508107
Apprenticed under M. Bosch,Gateway,Wood and Glass,Deceptively Ordinary,Yes,35310
Apprenticed under M. Bosch,Tower,Glass and Nightmares,Deceptively Ordinary,Yes,27926
Apprenticed under M. Bosch,Tower,Wood and Steel,Hastily Sketched,Yes,9935
Apprenticed under P. Stamatin,Gateway,Glass and Dreams,Deceptively Ordinary,Yes,387895
Apprenticed under M. Escher,Uncategorizable Thing,Steel and Glass,Hastily Sketched,No,48647
Apprenticed under P. Stamatin,Uncategorizable Thing,Wood and Silver,Obsessively Detailed,No,68416
Apprenticed under T. Geisel,Mechanism,Steel and Silver,Hastily Sketched,No,79624
Apprenticed under M. Bosch,Library,Wood and Dreams,Hastily Sketched,No,624301
Apprenticed under T. Geisel,Tower,Steel and Glass,Hastily Sketched,Yes,27424
Apprenticed under M. Bosch,Maze,Silver and Glass,Hastily Sketched,No,100862
Apprenticed under P. Stamatin,Uncategorizable Thing,Glass and Silver,Obsessively Detailed,No,94176
Self-Taught,Uncategorizable Thing,Glass and Nightmares,Obsessively Detailed,Yes,32619
Apprenticed under P. Stamatin,Uncategorizable Thing,Glass and Steel,Obsessively Detailed,Yes,32924
Apprenticed under M. Bosch,Uncategorizable Thing,Glass and Wood,Hastily Sketched,Yes,40370
Apprenticed under T. Geisel,Uncategorizable Thing,Silver and Dreams,Deceptively Ordinary,No,953746
Apprenticed under M. Escher,Gateway,Steel and Nightmares,Obsessively Detailed,Yes,2190
Apprenticed under M. Bosch,Uncategorizable Thing,Silver and Nightmares,Deceptively Ordinary,No,62779
Apprenticed under M. Escher,Library,Silver and Glass,Obsessively Detailed,No,93790
Self-Taught,Gateway,Wood and Nightmares,Deceptively Ordinary,Yes,687
Apprenticed under R. Penrose,Uncategorizable Thing,Glass and Steel,Obsessively Detailed,Yes,30178
Apprenticed under M. Escher,Mechanism,Glass and Nightmares,Obsessively Detailed,No,32044
Apprenticed under M. Escher,Uncategorizable Thing,Wood and Silver,Hastily Sketched,No,88887
Apprenticed under M. Bosch,Gateway,Glass and Dreams,Obsessively Detailed,Yes,817021
Apprenticed under P. Stamatin,Tower,Wood and Dreams,Hastily Sketched,Yes,704177
Self-Taught,Library,Silver and Steel,Hastily Sketched,No,79810
Self-Taught,Uncategorizable Thing,Glass and Dreams,Deceptively Ordinary,No,727187
Apprenticed under T. Geisel,Tower,Wood and Nightmares,Deceptively Ordinary,Yes,580
Apprenticed under T. Geisel,Maze,Silver and Wood,Obsessively Detailed,No,68310
Apprenticed under R. Penrose,Uncategorizable Thing,Glass and Steel,Obsessively Detailed,Yes,36365
Apprenticed under R. Penrose,Uncategorizable Thing,Wood and Steel,Hastily Sketched,No,5448
Apprenticed under T. Geisel,Uncategorizable Thing,Wood and Nightmares,Hastily Sketched,Yes,595
Apprenticed under M. Bosch,Gateway,Wood and Dreams,Hastily Sketched,Yes,919396
Apprenticed under R. Penrose,Maze,Steel and Glass,Obsessively Detailed,No,35581
Apprenticed under R. Penrose,Gateway,Wood and Nightmares,Obsessively Detailed,Yes,972
Apprenticed under T. Geisel,Tower,Glass and Silver,Deceptively Ordinary,Yes,83538
Apprenticed under M. Escher,Library,Steel and Wood,Deceptively Ordinary,No,5252
Apprenticed under P. Stamatin,Library,Silver and Wood,Hastily Sketched,No,62652
Apprenticed under M. Escher,Uncategorizable Thing,Silver and Nightmares,Deceptively Ordinary,Yes,50611
Apprenticed under P. Stamatin,Mechanism,Steel and Nightmares,Hastily Sketched,No,9351
Apprenticed under T. Geisel,Tower,Glass and Nightmares,Hastily Sketched,Yes,32890
Apprenticed under P. Stamatin,Mechanism,Silver and Dreams,Deceptively Ordinary,No,485933
Apprenticed under R. Penrose,Maze,Glass and Nightmares,Hastily Sketched,No,28115
Self-Taught,Library,Silver and Nightmares,Hastily Sketched,No,74363
Apprenticed under T. Geisel,Tower,Steel and Nightmares,Deceptively Ordinary,Yes,2483
Apprenticed under M. Escher,Mechanism,Glass and Steel,Obsessively Detailed,No,45812
Apprenticed under M. Escher,Mechanism,Wood and Nightmares,Hastily Sketched,No,533
Self-Taught,Library,Silver and Dreams,Hastily Sketched,No,947796
Apprenticed under M. Bosch,Maze,Steel and Dreams,Hastily Sketched,No,220008
Apprenticed under M. Escher,Uncategorizable Thing,Wood and Glass,Deceptively Ordinary,No,36911
Apprenticed under M. Bosch,Maze,Wood and Glass,Hastily Sketched,No,27703
Apprenticed under M. Escher,Uncategorizable Thing,Wood and Dreams,Hastily Sketched,No,735908
Apprenticed under M. Escher,Tower,Wood and Nightmares,Deceptively Ordinary,Yes,594
Apprenticed under T. Geisel,Library,Wood and Dreams,Deceptively Ordinary,No,934706
Apprenticed under M. Bosch,Uncategorizable Thing,Wood and Dreams,Deceptively Ordinary,Yes,488796
Self-Taught,Maze,Silver and Wood,Hastily Sketched,No,69226
Apprenticed under R. Penrose,Uncategorizable Thing,Glass and Steel,Deceptively Ordinary,No,37559
Self-Taught,Gateway,Wood and Silver,Obsessively Detailed,Yes,77595
Apprenticed under M. Bosch,Gateway,Steel and Dreams,Hastily Sketched,Yes,844749
Apprenticed under M. Escher,Library,Silver and Wood,Obsessively Detailed,No,57170
Apprenticed under M. Escher,Uncategorizable Thing,Glass and Steel,Obsessively Detailed,No,23401
Apprenticed under M. Bosch,Uncategorizable Thing,Silver and Steel,Hastily Sketched,No,58923
Apprenticed under R. Penrose,Mechanism,Steel and Wood,Deceptively Ordinary,No,6447
Self-Taught,Mechanism,Glass and Nightmares,Hastily Sketched,No,35767
Apprenticed under R. Penrose,Uncategorizable Thing,Silver and Nightmares,Hastily Sketched,Yes,56477
Apprenticed under M. Escher,Uncategorizable Thing,Glass and Silver,Hastily Sketched,No,98666
Apprenticed under M. Bosch,Mechanism,Steel and Wood,Deceptively Ordinary,No,7509
Apprenticed under T. Geisel,Uncategorizable Thing,Silver and Wood,Hastily Sketched,Yes,68701
Apprenticed under M. Bosch,Tower,Wood and Nightmares,Deceptively Ordinary,Yes,701
Apprenticed under T. Geisel,Tower,Silver and Steel,Obsessively Detailed,Yes,99149
Apprenticed under P. Stamatin,Mechanism,Wood and Silver,Hastily Sketched,No,55762
Apprenticed under M. Bosch,Tower,Silver and Steel,Hastily Sketched,Yes,57035
Self-Taught,Library,Glass and Nightmares,Hastily Sketched,No,36975
Apprenticed under T. Geisel,Library,Steel and Nightmares,Deceptively Ordinary,No,5827
Self-Taught,Gateway,Steel and Wood,Hastily Sketched,Yes,10611
Apprenticed under M. Bosch,Library,Wood and Dreams,Hastily Sketched,No,910985
Self-Taught,Uncategorizable Thing,Steel and Wood,Deceptively Ordinary,No,8592
Apprenticed under R. Penrose,Tower,Steel and Wood,Hastily Sketched,Yes,10572
Self-Taught,Maze,Wood and Steel,Obsessively Detailed,No,2862
Apprenticed under R. Penrose,Uncategorizable Thing,Wood and Nightmares,Hastily Sketched,No,562
Apprenticed under P. Stamatin,Uncategorizable Thing,Wood and Silver,Hastily Sketched,No,95475
Apprenticed under R. Penrose,Tower,Silver and Steel,Obsessively Detailed,Yes,86820
Self-Taught,Uncategorizable Thing,Wood and Glass,Deceptively Ordinary,No,40250
Apprenticed under M. Bosch,Library,Glass and Wood,Deceptively Ordinary,No,21380
Apprenticed under P. Stamatin,Gateway,Silver and Nightmares,Hastily Sketched,Yes,60147
Self-Taught,Maze,Steel and Silver,Hastily Sketched,No,81260
Apprenticed under M. Bosch,Uncategorizable Thing,Wood and Steel,Hastily Sketched,Yes,5824
Apprenticed under T. Geisel,Library,Steel and Dreams,Hastily Sketched,No,521153
Apprenticed under M. Bosch,Mechanism,Wood and Dreams,Hastily Sketched,No,882201
Self-Taught,Uncategorizable Thing,Wood and Dreams,Deceptively Ordinary,No,421608
Self-Taught,Gateway,Silver and Wood,Obsessively Detailed,Yes,80326
Apprenticed under T. Geisel,Uncategorizable Thing,Glass and Nightmares,Obsessively Detailed,No,28093
Apprenticed under M. Escher,Uncategorizable Thing,Wood and Glass,Deceptively Ordinary,No,37921
Apprenticed under M. Escher,Mechanism,Wood and Silver,Obsessively Detailed,No,96037
Apprenticed under R. Penrose,Library,Glass and Wood,Hastily Sketched,No,32158
Apprenticed under P. Stamatin,Uncategorizable Thing,Steel and Wood,Obsessively Detailed,No,6278
Apprenticed under P. Stamatin,Uncategorizable Thing,Wood and Nightmares,Hastily Sketched,Yes,747
Apprenticed under P. Stamatin,Maze,Steel and Dreams,Hastily Sketched,No,373328
Apprenticed under T. Geisel,Gateway,Wood and Steel,Deceptively Ordinary,Yes,6945
Apprenticed under M. Escher,Uncategorizable Thing,Glass and Dreams,Obsessively Detailed,Yes,1020220
Self-Taught,Mechanism,Glass and Steel,Obsessively Detailed,No,46226
Apprenticed under P. Stamatin,Gateway,Steel and Dreams,Obsessively Detailed,Yes,869927
Apprenticed under P. Stamatin,Uncategorizable Thing,Wood and Nightmares,Deceptively Ordinary,Yes,832
Self-Taught,Mechanism,Steel and Wood,Obsessively Detailed,No,3008
Apprenticed under T. Geisel,Mechanism,Silver and Wood,Deceptively Ordinary,No,51650
Apprenticed under R. Penrose,Uncategorizable Thing,Wood and Glass,Hastily Sketched,Yes,23446
Self-Taught,Library,Silver and Steel,Obsessively Detailed,No,66403
Apprenticed under M. Bosch,Uncategorizable Thing,Glass and Wood,Deceptively Ordinary,No,36657
Apprenticed under M. Bosch,Uncategorizable Thing,Glass and Nightmares,Hastily Sketched,No,25291
Apprenticed under M. Bosch,Uncategorizable Thing,Silver and Steel,Obsessively Detailed,Yes,66161
Apprenticed under T. Geisel,Gateway,Steel and Dreams,Obsessively Detailed,Yes,623270
Apprenticed under M. Bosch,Mechanism,Wood and Nightmares,Obsessively Detailed,No,692
Apprenticed under T. Geisel,Uncategorizable Thing,Wood and Dreams,Hastily Sketched,Yes,397580
Apprenticed under P. Stamatin,Library,Wood and Dreams,Obsessively Detailed,No,391943
Apprenticed under P. Stamatin,Maze,Glass and Wood,Deceptively Ordinary,No,33247
Apprenticed under M. Escher,Tower,Steel and Nightmares,Obsessively Detailed,Yes,6203
Self-Taught,Uncategorizable Thing,Wood and Glass,Obsessively Detailed,Yes,33440
Self-Taught,Tower,Silver and Glass,Hastily Sketched,Yes,116190
Self-Taught,Mechanism,Glass and Nightmares,Hastily Sketched,No,25710
Apprenticed under T. Geisel,Library,Silver and Nightmares,Deceptively Ordinary,No,50960
Apprenticed under P. Stamatin,Uncategorizable Thing,Glass and Silver,Hastily Sketched,Yes,127626
Apprenticed under P. Stamatin,Uncategorizable Thing,Glass and Dreams,Obsessively Detailed,No,1016033
Apprenticed under M. Escher,Mechanism,Silver and Dreams,Deceptively Ordinary,No,693020
Apprenticed under M. Bosch,Tower,Wood and Nightmares,Hastily Sketched,Yes,635
Apprenticed under P. Stamatin,Gateway,Glass and Dreams,Hastily Sketched,Yes,773371
Apprenticed under M. Escher,Maze,Glass and Nightmares,Deceptively Ordinary,No,23576
Self-Taught,Uncategorizable Thing,Silver and Dreams,Obsessively Detailed,No,474688
Self-Taught,Mechanism,Glass and Steel,Hastily Sketched,No,24434
Apprenticed under M. Escher,Maze,Wood and Nightmares,Hastily Sketched,No,732
Self-Taught,Maze,Silver and Wood,Hastily Sketched,No,97357
Apprenticed under P. Stamatin,Gateway,Steel and Dreams,Obsessively Detailed,Yes,543255
Apprenticed under R. Penrose,Maze,Silver and Dreams,Deceptively Ordinary,No,991712
Apprenticed under M. Bosch,Uncategorizable Thing,Wood and Dreams,Hastily Sketched,No,938305
Apprenticed under M. Bosch,Maze,Wood and Nightmares,Hastily Sketched,No,524
Apprenticed under M. Escher,Gateway,Steel and Dreams,Hastily Sketched,Yes,814730
Apprenticed under R. Penrose,Maze,Wood and Dreams,Obsessively Detailed,No,211883
Apprenticed under R. Penrose,Uncategorizable Thing,Glass and Steel,Obsessively Detailed,No,43001
Apprenticed under T. Geisel,Uncategorizable Thing,Steel and Wood,Hastily Sketched,No,10250
Self-Taught,Mechanism,Glass and Nightmares,Deceptively Ordinary,No,33313
Apprenticed under P. Stamatin,Tower,Steel and Wood,Obsessively Detailed,Yes,9114
Apprenticed under R. Penrose,Uncategorizable Thing,Wood and Nightmares,Obsessively Detailed,Yes,563
Apprenticed under P. Stamatin,Library,Silver and Nightmares,Hastily Sketched,No,85259
Apprenticed under M. Escher,Library,Silver and Nightmares,Hastily Sketched,No,63058
Apprenticed under P. Stamatin,Library,Steel and Wood,Obsessively Detailed,No,7963
Apprenticed under R. Penrose,Mechanism,Silver and Nightmares,Hastily Sketched,No,98745
Apprenticed under M. Bosch,Mechanism,Wood and Dreams,Hastily Sketched,No,448735
Apprenticed under P. Stamatin,Mechanism,Glass and Steel,Obsessively Detailed,No,39715
Apprenticed under R. Penrose,Maze,Wood and Steel,Obsessively Detailed,No,8784
Apprenticed under M. Escher,Uncategorizable Thing,Silver and Steel,Obsessively Detailed,Yes,94036
Self-Taught,Maze,Steel and Dreams,Deceptively Ordinary,No,916524
Apprenticed under P. Stamatin,Library,Wood and Glass,Obsessively Detailed,No,33887
Apprenticed under M. Bosch,Uncategorizable Thing,Steel and Glass,Hastily Sketched,No,46780
Apprenticed under P. Stamatin,Gateway,Steel and Dreams,Deceptively Ordinary,Yes,313227
Apprenticed under P. Stamatin,Tower,Silver and Nightmares,Obsessively Detailed,Yes,50431
Self-Taught,Tower,Glass and Silver,Obsessively Detailed,Yes,112812
Apprenticed under R. Penrose,Mechanism,Wood and Dreams,Deceptively Ordinary,No,852097
Self-Taught,Library,Silver and Dreams,Obsessively Detailed,No,914791
Apprenticed under M. Bosch,Maze,Wood and Dreams,Deceptively Ordinary,No,319514
Apprenticed under M. Bosch,Gateway,Silver and Nightmares,Hastily Sketched,Yes,54960
Self-Taught,Maze,Glass and Steel,Obsessively Detailed,No,48036
Apprenticed under M. Escher,Library,Steel and Silver,Obsessively Detailed,No,91752
Apprenticed under M. Bosch,Uncategorizable Thing,Glass and Steel,Hastily Sketched,No,38803
Apprenticed under P. Stamatin,Maze,Wood and Steel,Obsessively Detailed,No,6698
Apprenticed under M. Escher,Mechanism,Steel and Wood,Hastily Sketched,No,5052
Apprenticed under T. Geisel,Tower,Silver and Steel,Obsessively Detailed,Yes,77214
Apprenticed under M. Bosch,Tower,Silver and Dreams,Hastily Sketched,Yes,324645
Self-Taught,Uncategorizable Thing,Silver and Nightmares,Obsessively Detailed,No,99854
Self-Taught,Mechanism,Glass and Dreams,Hastily Sketched,No,695444
Apprenticed under P. Stamatin,Uncategorizable Thing,Wood and Nightmares,Obsessively Detailed,No,996
Apprenticed under T. Geisel,Uncategorizable Thing,Glass and Nightmares,Deceptively Ordinary,No,31792
Apprenticed under M. Bosch,Library,Steel and Wood,Obsessively Detailed,No,6007
Apprenticed under M. Bosch,Library,Steel and Wood,Obsessively Detailed,No,10506
Self-Taught,Uncategorizable Thing,Wood and Steel,Hastily Sketched,No,5118
Apprenticed under M. Escher,Tower,Glass and Dreams,Hastily Sketched,Yes,863173
Apprenticed under T. Geisel,Maze,Glass and Nightmares,Hastily Sketched,No,28882
Apprenticed under R. Penrose,Mechanism,Wood and Glass,Deceptively Ordinary,No,26214
Apprenticed under M. Escher,Tower,Steel and Dreams,Obsessively Detailed,Yes,949719
Apprenticed under P. Stamatin,Gateway,Steel and Dreams,Hastily Sketched,Yes,1004468
Apprenticed under P. Stamatin,Maze,Wood and Steel,Hastily Sketched,No,9135
Apprenticed under P. Stamatin,Gateway,Wood and Glass,Obsessively Detailed,Yes,35326
Apprenticed under M. Bosch,Library,Wood and Glass,Hastily Sketched,No,27102
Apprenticed under P. Stamatin,Mechanism,Glass and Wood,Hastily Sketched,No,35266
Self-Taught,Maze,Wood and Nightmares,Obsessively Detailed,No,591
Apprenticed under M. Bosch,Maze,Steel and Dreams,Deceptively Ordinary,No,309761
Apprenticed under R. Penrose,Mechanism,Silver and Glass,Deceptively Ordinary,No,99267
Apprenticed under M. Bosch,Library,Wood and Dreams,Hastily Sketched,No,633843
Apprenticed under M. Escher,Maze,Silver and Wood,Hastily Sketched,No,88909
Apprenticed under M. Escher,Tower,Steel and Dreams,Obsessively Detailed,Yes,850136
Apprenticed under T. Geisel,Tower,Wood and Dreams,Hastily Sketched,Yes,748611
Self-Taught,Mechanism,Wood and Dreams,Obsessively Detailed,No,944695
Apprenticed under M. Escher,Library,Silver and Steel,Hastily Sketched,No,57785
Apprenticed under R. Penrose,Tower,Steel and Silver,Hastily Sketched,Yes,84220
Apprenticed under R. Penrose,Uncategorizable Thing,Wood and Dreams,Hastily Sketched,Yes,805544
Apprenticed under R. Penrose,Uncategorizable Thing,Silver and Wood,Hastily Sketched,Yes,83457
Self-Taught,Gateway,Silver and Dreams,Obsessively Detailed,Yes,877174
Apprenticed under R. Penrose,Uncategorizable Thing,Wood and Glass,Hastily Sketched,No,29754
Apprenticed under M. Escher,Library,Wood and Steel,Obsessively Detailed,No,10485
Apprenticed under R. Penrose,Tower,Glass and Steel,Hastily Sketched,Yes,40084
Apprenticed under R. Penrose,Maze,Glass and Wood,Obsessively Detailed,No,22057
Apprenticed under P. Stamatin,Uncategorizable Thing,Steel and Wood,Obsessively Detailed,Yes,6850
Self-Taught,Mechanism,Wood and Silver,Hastily Sketched,No,74615
Apprenticed under R. Penrose,Gateway,Silver and Nightmares,Obsessively Detailed,Yes,76417
Apprenticed under M. Escher,Tower,Steel and Nightmares,Hastily Sketched,Yes,4454
Apprenticed under M. Bosch,Tower,Glass and Dreams,Obsessively Detailed,Yes,427583
Self-Taught,Maze,Wood and Glass,Obsessively Detailed,No,28326
Apprenticed under M. Escher,Uncategorizable Thing,Wood and Glass,Hastily Sketched,Yes,38857
Self-Taught,Uncategorizable Thing,Steel and Nightmares,Obsessively Detailed,No,6815
Apprenticed under M. Bosch,Mechanism,Silver and Glass,Obsessively Detailed,No,107870
Apprenticed under P. Stamatin,Library,Wood and Dreams,Deceptively Ordinary,No,687430
Apprenticed under R. Penrose,Tower,Wood and Nightmares,Hastily Sketched,Yes,727
Self-Taught,Uncategorizable Thing,Steel and Wood,Hastily Sketched,No,4056
Apprenticed under R. Penrose,Library,Silver and Glass,Obsessively Detailed,No,75449
Apprenticed under P. Stamatin,Library,Silver and Steel,Hastily Sketched,No,82482
Self-Taught,Mechanism,Steel and Wood,Obsessively Detailed,No,7648
Apprenticed under R. Penrose,Library,Wood and Nightmares,Hastily Sketched,No,575
Apprenticed under M. Escher,Uncategorizable Thing,Steel and Wood,Hastily Sketched,No,9032
Apprenticed under T. Geisel,Uncategorizable Thing,Steel and Dreams,Obsessively Detailed,Yes,220481
Self-Taught,Library,Wood and Steel,Deceptively Ordinary,No,2933
Apprenticed under T. Geisel,Uncategorizable Thing,Wood and Glass,Obsessively Detailed,No,39872
Apprenticed under M. Escher,Uncategorizable Thing,Glass and Dreams,Hastily Sketched,No,548555
Apprenticed under R. Penrose,Uncategorizable Thing,Silver and Nightmares,Obsessively Detailed,No,85351
Self-Taught,Tower,Wood and Glass,Hastily Sketched,Yes,36198
Apprenticed under R. Penrose,Gateway,Glass and Wood,Hastily Sketched,Yes,29868
Apprenticed under M. Escher,Uncategorizable Thing,Silver and Dreams,Hastily Sketched,Yes,1017773
Apprenticed under M. Escher,Gateway,Silver and Dreams,Hastily Sketched,Yes,658460
Self-Taught,Uncategorizable Thing,Glass and Dreams,Deceptively Ordinary,No,971704
Apprenticed under R. Penrose,Tower,Silver and Glass,Obsessively Detailed,Yes,122172
Self-Taught,Mechanism,Glass and Wood,Obsessively Detailed,No,30610
Apprenticed under P. Stamatin,Tower,Silver and Wood,Obsessively Detailed,Yes,89534
Apprenticed under R. Penrose,Tower,Glass and Nightmares,Deceptively Ordinary,Yes,21983
Apprenticed under P. Stamatin,Gateway,Wood and Nightmares,Obsessively Detailed,Yes,504
Apprenticed under P. Stamatin,Uncategorizable Thing,Silver and Nightmares,Hastily Sketched,Yes,65971
Self-Taught,Tower,Silver and Wood,Deceptively Ordinary,Yes,96734
Apprenticed under M. Escher,Uncategorizable Thing,Glass and Nightmares,Deceptively Ordinary,Yes,33094
Apprenticed under T. Geisel,Uncategorizable Thing,Glass and Dreams,Hastily Sketched,Yes,727358
Apprenticed under R. Penrose,Uncategorizable Thing,Wood and Nightmares,Hastily Sketched,Yes,574
Apprenticed under P. Stamatin,Library,Steel and Wood,Hastily Sketched,No,3112
Apprenticed under R. Penrose,Gateway,Wood and Nightmares,Hastily Sketched,Yes,580
Apprenticed under M. Bosch,Mechanism,Silver and Dreams,Hastily Sketched,No,865335
Self-Taught,Tower,Silver and Wood,Deceptively Ordinary,Yes,88806
Apprenticed under M. Bosch,Uncategorizable Thing,Silver and Nightmares,Obsessively Detailed,No,79944
Apprenticed under P. Stamatin,Maze,Silver and Steel,Hastily Sketched,No,100695
Apprenticed under M. Escher,Maze,Steel and Wood,Hastily Sketched,No,3788
Apprenticed under R. Penrose,Maze,Steel and Silver,Hastily Sketched,No,75791
Apprenticed under R. Penrose,Mechanism,Wood and Glass,Obsessively Detailed,No,25222
Apprenticed under R. Penrose,Tower,Glass and Wood,Hastily Sketched,Yes,30388
Apprenticed under M. Bosch,Uncategorizable Thing,Steel and Wood,Hastily Sketched,No,9644
Apprenticed under P. Stamatin,Tower,Glass and Wood,Obsessively Detailed,Yes,22153
Apprenticed under T. Geisel,Maze,Steel and Nightmares,Hastily Sketched,No,3514
Apprenticed under T. Geisel,Uncategorizable Thing,Wood and Nightmares,Hastily Sketched,No,867
Apprenticed under T. Geisel,Mechanism,Steel and Nightmares,Hastily Sketched,No,2190
Apprenticed under M. Bosch,Library,Silver and Glass,Deceptively Ordinary,No,97671
Self-Taught,Maze,Steel and Silver,Obsessively Detailed,No,68270
Self-Taught,Mechanism,Steel and Wood,Obsessively Detailed,No,2672
Apprenticed under P. Stamatin,Maze,Wood and Steel,Obsessively Detailed,No,7858
Apprenticed under T. Geisel,Library,Silver and Dreams,Hastily Sketched,No,713070
Apprenticed under M. Escher,Uncategorizable Thing,Wood and Nightmares,Obsessively Detailed,Yes,891
Apprenticed under T. Geisel,Maze,Glass and Silver,Hastily Sketched,No,113028
Self-Taught,Mechanism,Steel and Nightmares,Hastily Sketched,No,5843
Apprenticed under M. Bosch,Gateway,Steel and Silver,Obsessively Detailed,Yes,63928
Apprenticed under R. Penrose,Library,Silver and Wood,Hastily Sketched,No,94308
Apprenticed under M. Bosch,Tower,Steel and Dreams,Hastily Sketched,Yes,748872
Apprenticed under M. Bosch,Maze,Glass and Steel,Hastily Sketched,No,31421
Apprenticed under M. Bosch,Mechanism,Silver and Nightmares,Obsessively Detailed,No,93555
Self-Taught,Gateway,Glass and Wood,Hastily Sketched,Yes,21104
Apprenticed under R. Penrose,Tower,Silver and Nightmares,Hastily Sketched,Yes,91154
Self-Taught,Gateway,Silver and Wood,Deceptively Ordinary,Yes,55652
Apprenticed under P. Stamatin,Uncategorizable Thing,Glass and Wood,Hastily Sketched,No,31789
Apprenticed under T. Geisel,Uncategorizable Thing,Silver and Dreams,Obsessively Detailed,Yes,567145
Apprenticed under P. Stamatin,Mechanism,Steel and Silver,Obsessively Detailed,No,88155
Apprenticed under M. Escher,Mechanism,Steel and Wood,Obsessively Detailed,No,8714
Self-Taught,Gateway,Wood and Steel,Deceptively Ordinary,Yes,10666
Apprenticed under M. Bosch,Mechanism,Steel and Wood,Obsessively Detailed,No,8221
Apprenticed under M. Bosch,Library,Silver and Glass,Hastily Sketched,No,119901
Apprenticed under R. Penrose,Library,Silver and Glass,Hastily Sketched,No,107271
Self-Taught,Tower,Wood and Steel,Obsessively Detailed,Yes,6924
Apprenticed under R. Penrose,Tower,Wood and Dreams,Deceptively Ordinary,Yes,254608
Apprenticed under T. Geisel,Gateway,Steel and Dreams,Hastily Sketched,Yes,517927
Apprenticed under M. Escher,Mechanism,Wood and Steel,Hastily Sketched,No,7112
Apprenticed under P. Stamatin,Tower,Silver and Dreams,Obsessively Detailed,Yes,889210
Apprenticed under T. Geisel,Mechanism,Steel and Nightmares,Hastily Sketched,No,6131
Apprenticed under P. Stamatin,Gateway,Wood and Silver,Obsessively Detailed,Yes,99439
Apprenticed under M. Escher,Uncategorizable Thing,Glass and Wood,Obsessively Detailed,No,27022
Apprenticed under T. Geisel,Tower,Silver and Wood,Hastily Sketched,Yes,75500
Apprenticed under P. Stamatin,Uncategorizable Thing,Silver and Nightmares,Obsessively Detailed,Yes,73518
Apprenticed under R. Penrose,Uncategorizable Thing,Glass and Wood,Hastily Sketched,No,38195
Apprenticed under M. Bosch,Maze,Silver and Dreams,Obsessively Detailed,No,1034587
Apprenticed under P. Stamatin,Mechanism,Steel and Wood,Hastily Sketched,No,10076
Apprenticed under M. Bosch,Gateway,Steel and Nightmares,Hastily Sketched,Yes,9123
Apprenticed under T. Geisel,Maze,Glass and Wood,Deceptively Ordinary,No,26263
Self-Taught,Uncategorizable Thing,Glass and Nightmares,Deceptively Ordinary,Yes,27124
Apprenticed under P. Stamatin,Uncategorizable Thing,Steel and Dreams,Hastily Sketched,No,559383
Apprenticed under R. Penrose,Gateway,Wood and Nightmares,Obsessively Detailed,Yes,590
Apprenticed under M. Bosch,Gateway,Steel and Nightmares,Hastily Sketched,Yes,2314
Apprenticed under R. Penrose,Maze,Steel and Dreams,Deceptively Ordinary,No,824771
Self-Taught,Gateway,Wood and Silver,Obsessively Detailed,Yes,61581
Self-Taught,Tower,Glass and Steel,Obsessively Detailed,Yes,31378
Self-Taught,Library,Steel and Wood,Deceptively Ordinary,No,4890
Apprenticed under M. Bosch,Uncategorizable Thing,Steel and Nightmares,Obsessively Detailed,Yes,5278
Apprenticed under M. Escher,Maze,Steel and Silver,Obsessively Detailed,No,103535
Apprenticed under M. Escher,Uncategorizable Thing,Glass and Wood,Deceptively Ordinary,Yes,40182
Apprenticed under M. Escher,Uncategorizable Thing,Silver and Steel,Hastily Sketched,Yes,87259
Apprenticed under P. Stamatin,Tower,Glass and Silver,Obsessively Detailed,Yes,85455
Apprenticed under M. Escher,Library,Glass and Nightmares,Hastily Sketched,No,24670
Apprenticed under M. Escher,Mechanism,Glass and Dreams,Obsessively Detailed,No,501211
Apprenticed under T. Geisel,Uncategorizable Thing,Glass and Nightmares,Deceptively Ordinary,Yes,30770
Apprenticed under M. Bosch,Gateway,Silver and Dreams,Hastily Sketched,Yes,531759
Apprenticed under P. Stamatin,Maze,Wood and Silver,Obsessively Detailed,No,57117
Apprenticed under R. Penrose,Mechanism,Steel and Glass,Deceptively Ordinary,No,32345
Self-Taught,Uncategorizable Thing,Silver and Glass,Deceptively Ordinary,Yes,122204
Self-Taught,Tower,Glass and Wood,Hastily Sketched,Yes,24154
Self-Taught,Gateway,Steel and Silver,Deceptively Ordinary,Yes,94242
Apprenticed under T. Geisel,Uncategorizable Thing,Silver and Dreams,Hastily Sketched,Yes,876818
Apprenticed under P. Stamatin,Maze,Glass and Steel,Deceptively Ordinary,No,39517
Apprenticed under M. Bosch,Tower,Steel and Glass,Obsessively Detailed,Yes,42706
Self-Taught,Maze,Steel and Dreams,Obsessively Detailed,No,1002515
Self-Taught,Maze,Steel and Nightmares,Obsessively Detailed,No,5637
Apprenticed under R. Penrose,Gateway,Steel and Silver,Hastily Sketched,Yes,104352
Apprenticed under R. Penrose,Library,Wood and Dreams,Obsessively Detailed,No,683711
Self-Taught,Tower,Wood and Dreams,Obsessively Detailed,Yes,973252
Self-Taught,Uncategorizable Thing,Wood and Nightmares,Hastily Sketched,Yes,525
Apprenticed under T. Geisel,Uncategorizable Thing,Glass and Dreams,Deceptively Ordinary,No,901191
Self-Taught,Library,Glass and Nightmares,Obsessively Detailed,No,28691
Apprenticed under P. Stamatin,Gateway,Wood and Nightmares,Deceptively Ordinary,Yes,817
Apprenticed under M. Escher,Tower,Wood and Steel,Deceptively Ordinary,Yes,4763
Apprenticed under M. Escher,Tower,Steel and Dreams,Hastily Sketched,Yes,744341
Apprenticed under P. Stamatin,Uncategorizable Thing,Steel and Wood,Obsessively Detailed,No,3474
Self-Taught,Uncategorizable Thing,Glass and Dreams,Hastily Sketched,Yes,559265
Apprenticed under M. Bosch,Library,Glass and Dreams,Hastily Sketched,No,636373
Apprenticed under T. Geisel,Mechanism,Steel and Dreams,Obsessively Detailed,No,530070
Apprenticed under M. Escher,Maze,Wood and Glass,Obsessively Detailed,No,25796
Apprenticed under R. Penrose,Uncategorizable Thing,Steel and Nightmares,Deceptively Ordinary,No,9667
Apprenticed under R. Penrose,Gateway,Wood and Glass,Deceptively Ordinary,Yes,40490
Apprenticed under P. Stamatin,Maze,Glass and Dreams,Deceptively Ordinary,No,617412
Apprenticed under M. Escher,Maze,Silver and Steel,Hastily Sketched,No,59934
Self-Taught,Gateway,Silver and Nightmares,Hastily Sketched,Yes,87347
Apprenticed under P. Stamatin,Tower,Silver and Dreams,Obsessively Detailed,Yes,1041529
Apprenticed under R. Penrose,Maze,Wood and Nightmares,Hastily Sketched,No,524
Apprenticed under M. Escher,Gateway,Wood and Steel,Obsessively Detailed,Yes,9812
Apprenticed under T. Geisel,Library,Wood and Steel,Obsessively Detailed,No,6403
Self-Taught,Uncategorizable Thing,Glass and Dreams,Hastily Sketched,Yes,728846
Apprenticed under T. Geisel,Gateway,Wood and Silver,Obsessively Detailed,Yes,64215
Apprenticed under R. Penrose,Library,Glass and Dreams,Hastily Sketched,No,639999
Apprenticed under P. Stamatin,Tower,Glass and Silver,Obsessively Detailed,Yes,121799
Apprenticed under R. Penrose,Uncategorizable Thing,Wood and Steel,Hastily Sketched,Yes,6991
Apprenticed under T. Geisel,Library,Silver and Glass,Hastily Sketched,No,128631
Apprenticed under R. Penrose,Uncategorizable Thing,Silver and Dreams,Hastily Sketched,No,659778
Self-Taught,Maze,Wood and Glass,Hastily Sketched,No,20763
Apprenticed under P. Stamatin,Tower,Steel and Nightmares,Obsessively Detailed,Yes,8844
Apprenticed under R. Penrose,Maze,Glass and Wood,Deceptively Ordinary,No,22192
Apprenticed under M. Escher,Uncategorizable Thing,Steel and Dreams,Obsessively Detailed,Yes,864455
Apprenticed under T. Geisel,Uncategorizable Thing,Wood and Steel,Hastily Sketched,No,8374
Apprenticed under M. Escher,Library,Wood and Dreams,Hastily Sketched,No,583097
Apprenticed under M. Escher,Library,Wood and Nightmares,Obsessively Detailed,No,625
Apprenticed under M. Bosch,Maze,Glass and Silver,Obsessively Detailed,No,127947
Apprenticed under P. Stamatin,Tower,Silver and Steel,Obsessively Detailed,Yes,107087
Apprenticed under M. Bosch,Tower,Steel and Dreams,Obsessively Detailed,Yes,745743
Apprenticed under M. Bosch,Mechanism,Silver and Nightmares,Hastily Sketched,No,89642
Apprenticed under M. Bosch,Mechanism,Silver and Nightmares,Deceptively Ordinary,No,70210
Apprenticed under R. Penrose,Maze,Wood and Dreams,Obsessively Detailed,No,986831
Apprenticed under M. Bosch,Uncategorizable Thing,Silver and Dreams,Obsessively Detailed,No,455673
Apprenticed under M. Escher,Maze,Glass and Steel,Obsessively Detailed,No,37859
Apprenticed under M. Escher,Mechanism,Wood and Steel,Deceptively Ordinary,No,9448
Apprenticed under P. Stamatin,Library,Wood and Steel,Hastily Sketched,No,7198
Apprenticed under M. Escher,Library,Glass and Silver,Hastily Sketched,No,135074
Self-Taught,Tower,Wood and Dreams,Hastily Sketched,Yes,299478
Apprenticed under P. Stamatin,Uncategorizable Thing,Wood and Nightmares,Obsessively Detailed,No,842
Self-Taught,Uncategorizable Thing,Wood and Nightmares,Obsessively Detailed,Yes,850
Apprenticed under M. Bosch,Library,Silver and Dreams,Deceptively Ordinary,No,462534
Apprenticed under R. Penrose,Library,Steel and Dreams,Obsessively Detailed,No,684376
Apprenticed under P. Stamatin,Uncategorizable Thing,Steel and Silver,Deceptively Ordinary,No,89783
Apprenticed under M. Escher,Mechanism,Wood and Silver,Deceptively Ordinary,No,91786
Apprenticed under P. Stamatin,Gateway,Glass and Dreams,Deceptively Ordinary,Yes,533858
Apprenticed under R. Penrose,Uncategorizable Thing,Glass and Nightmares,Deceptively Ordinary,Yes,39398
Apprenticed under T. Geisel,Mechanism,Glass and Dreams,Obsessively Detailed,No,693657
Apprenticed under M. Bosch,Library,Steel and Wood,Hastily Sketched,No,4366
Apprenticed under M. Escher,Maze,Steel and Wood,Obsessively Detailed,No,6714
Self-Taught,Mechanism,Wood and Nightmares,Hastily Sketched,No,960
Self-Taught,Maze,Wood and Silver,Obsessively Detailed,No,89999
Self-Taught,Mechanism,Steel and Nightmares,Deceptively Ordinary,No,9750
Apprenticed under R. Penrose,Tower,Wood and Nightmares,Hastily Sketched,Yes,525
Apprenticed under P. Stamatin,Maze,Silver and Dreams,Deceptively Ordinary,No,552709
Apprenticed under M. Escher,Uncategorizable Thing,Glass and Wood,Obsessively Detailed,No,24576
Apprenticed under M. Bosch,Tower,Wood and Dreams,Deceptively Ordinary,Yes,398960
Apprenticed under M. Bosch,Tower,Silver and Wood,Hastily Sketched,Yes,95126
Apprenticed under P. Stamatin,Tower,Steel and Nightmares,Obsessively Detailed,Yes,8948
Apprenticed under T. Geisel,Maze,Wood and Dreams,Obsessively Detailed,No,374870
Apprenticed under P. Stamatin,Library,Glass and Wood,Obsessively Detailed,No,34717
Self-Taught,Mechanism,Glass and Dreams,Obsessively Detailed,No,844266
Self-Taught,Maze,Wood and Nightmares,Obsessively Detailed,No,836
Apprenticed under P. Stamatin,Gateway,Steel and Dreams,Obsessively Detailed,Yes,910489
Apprenticed under T. Geisel,Mechanism,Wood and Steel,Obsessively Detailed,No,7739
Apprenticed under M. Escher,Gateway,Glass and Nightmares,Obsessively Detailed,Yes,20076
Apprenticed under P. Stamatin,Maze,Steel and Nightmares,Obsessively Detailed,No,2255
Apprenticed under M. Escher,Mechanism,Silver and Dreams,Deceptively Ordinary,No,814227
Apprenticed under R. Penrose,Gateway,Silver and Wood,Obsessively Detailed,Yes,52826
Apprenticed under P. Stamatin,Gateway,Silver and Nightmares,Obsessively Detailed,Yes,85242
Apprenticed under P. Stamatin,Tower,Glass and Steel,Obsessively Detailed,Yes,29191
Apprenticed under R. Penrose,Mechanism,Silver and Nightmares,Hastily Sketched,No,96394
Self-Taught,Gateway,Glass and Nightmares,Deceptively Ordinary,Yes,30898
Apprenticed under P. Stamatin,Uncategorizable Thing,Glass and Wood,Hastily Sketched,Yes,33954
Self-Taught,Gateway,Glass and Nightmares,Hastily Sketched,Yes,25221
Apprenticed under P. Stamatin,Uncategorizable Thing,Glass and Dreams,Hastily Sketched,No,662281
Apprenticed under R. Penrose,Maze,Silver and Glass,Obsessively Detailed,No,121618
Apprenticed under M. Bosch,Mechanism,Wood and Steel,Hastily Sketched,No,10381
Apprenticed under P. Stamatin,Maze,Steel and Silver,Hastily Sketched,No,64967
Apprenticed under P. Stamatin,Tower,Steel and Silver,Hastily Sketched,Yes,85732
Self-Taught,Uncategorizable Thing,Steel and Wood,Obsessively Detailed,Yes,4864
Apprenticed under R. Penrose,Gateway,Steel and Nightmares,Deceptively Ordinary,Yes,5765
Self-Taught,Maze,Wood and Nightmares,Hastily Sketched,No,724
Apprenticed under M. Bosch,Tower,Silver and Steel,Hastily Sketched,Yes,85047
Apprenticed under P. Stamatin,Uncategorizable Thing,Wood and Steel,Hastily Sketched,Yes,6077
Apprenticed under P. Stamatin,Maze,Glass and Steel,Hastily Sketched,No,36117
Apprenticed under P. Stamatin,Mechanism,Glass and Nightmares,Obsessively Detailed,No,29255
Apprenticed under P. Stamatin,Mechanism,Silver and Steel,Obsessively Detailed,No,98855
Self-Taught,Tower,Silver and Dreams,Deceptively Ordinary,Yes,465632
Apprenticed under M. Escher,Tower,Glass and Silver,Hastily Sketched,Yes,90583
Apprenticed under R. Penrose,Uncategorizable Thing,Glass and Wood,Obsessively Detailed,No,26782
Self-Taught,Library,Steel and Wood,Obsessively Detailed,No,3987
Apprenticed under T. Geisel,Uncategorizable Thing,Glass and Nightmares,Hastily Sketched,Yes,35563
Apprenticed under R. Penrose,Uncategorizable Thing,Silver and Wood,Hastily Sketched,Yes,52109
Apprenticed under T. Geisel,Tower,Silver and Wood,Obsessively Detailed,Yes,60540
Apprenticed under R. Penrose,Mechanism,Steel and Wood,Obsessively Detailed,No,3016
Apprenticed under R. Penrose,Uncategorizable Thing,Glass and Wood,Deceptively Ordinary,Yes,30965
Apprenticed under M. Escher,Gateway,Silver and Wood,Obsessively Detailed,Yes,62958
Apprenticed under M. Bosch,Maze,Wood and Steel,Hastily Sketched,No,8723
Apprenticed under P. Stamatin,Tower,Steel and Dreams,Deceptively Ordinary,Yes,659746
Apprenticed under T. Geisel,Maze,Steel and Dreams,Obsessively Detailed,No,771460
Apprenticed under T. Geisel,Tower,Wood and Steel,Hastily Sketched,Yes,7056
Apprenticed under P. Stamatin,Tower,Glass and Steel,Hastily Sketched,Yes,39584
Apprenticed under P. Stamatin,Library,Wood and Dreams,Hastily Sketched,No,824867
Apprenticed under M. Escher,Maze,Wood and Silver,Obsessively Detailed,No,76594
Self-Taught,Tower,Glass and Dreams,Hastily Sketched,Yes,384013
Apprenticed under T. Geisel,Mechanism,Glass and Nightmares,Hastily Sketched,No,29926
Self-Taught,Uncategorizable Thing,Wood and Glass,Hastily Sketched,No,24405
Self-Taught,Gateway,Wood and Silver,Deceptively Ordinary,Yes,55239
Self-Taught,Uncategorizable Thing,Glass and Silver,Hastily Sketched,No,93299
Apprenticed under M. Bosch,Gateway,Wood and Dreams,Obsessively Detailed,Yes,680192
Self-Taught,Library,Steel and Dreams,Deceptively Ordinary,No,883386
Self-Taught,Mechanism,Steel and Wood,Hastily Sketched,No,3656
Apprenticed under P. Stamatin,Uncategorizable Thing,Glass and Wood,Hastily Sketched,No,37563
Apprenticed under M. Escher,Uncategorizable Thing,Steel and Glass,Obsessively Detailed,Yes,41840
Apprenticed under P. Stamatin,Library,Glass and Steel,Deceptively Ordinary,No,26687
Apprenticed under P. Stamatin,Maze,Silver and Steel,Deceptively Ordinary,No,61522
Apprenticed under M. Escher,Uncategorizable Thing,Silver and Steel,Hastily Sketched,Yes,56950
Apprenticed under P. Stamatin,Gateway,Steel and Nightmares,Hastily Sketched,Yes,6966
Self-Taught,Uncategorizable Thing,Silver and Wood,Deceptively Ordinary,Yes,84968
Apprenticed under P. Stamatin,Maze,Silver and Dreams,Obsessively Detailed,No,770829
Apprenticed under M. Escher,Gateway,Wood and Steel,Hastily Sketched,Yes,2892
Self-Taught,Uncategorizable Thing,Wood and Nightmares,Obsessively Detailed,No,606
Apprenticed under P. Stamatin,Maze,Wood and Nightmares,Obsessively Detailed,No,629
Self-Taught,Mechanism,Wood and Dreams,Hastily Sketched,No,813196
Self-Taught,Maze,Silver and Dreams,Deceptively Ordinary,No,582718
Apprenticed under R. Penrose,Mechanism,Wood and Dreams,Deceptively Ordinary,No,854316
Apprenticed under T. Geisel,Gateway,Silver and Nightmares,Hastily Sketched,Yes,73253
Apprenticed under M. Escher,Uncategorizable Thing,Wood and Silver,Obsessively Detailed,No,59392
Self-Taught,Uncategorizable Thing,Silver and Steel,Deceptively Ordinary,No,91306
Apprenticed under T. Geisel,Uncategorizable Thing,Silver and Dreams,Hastily Sketched,No,1056771
Self-Taught,Maze,Steel and Silver,Hastily Sketched,No,67798
Apprenticed under R. Penrose,Tower,Silver and Wood,Hastily Sketched,Yes,55708
Apprenticed under M. Bosch,Gateway,Silver and Glass,Obsessively Detailed,Yes,114210
Apprenticed under P. Stamatin,Mechanism,Glass and Silver,Obsessively Detailed,No,92875
Apprenticed under R. Penrose,Maze,Steel and Wood,Deceptively Ordinary,No,6719
Self-Taught,Uncategorizable Thing,Wood and Nightmares,Hastily Sketched,Yes,887
Apprenticed under P. Stamatin,Uncategorizable Thing,Wood and Glass,Hastily Sketched,Yes,22730
Apprenticed under P. Stamatin,Uncategorizable Thing,Silver and Dreams,Hastily Sketched,No,363561
Apprenticed under M. Bosch,Tower,Steel and Wood,Obsessively Detailed,Yes,10045
Self-Taught,Maze,Silver and Steel,Deceptively Ordinary,No,95830
Apprenticed under M. Bosch,Tower,Wood and Dreams,Obsessively Detailed,Yes,560977
Apprenticed under M. Bosch,Tower,Wood and Glass,Obsessively Detailed,Yes,21868
Apprenticed under M. Escher,Uncategorizable Thing,Glass and Nightmares,Obsessively Detailed,No,27172
Apprenticed under R. Penrose,Library,Wood and Silver,Deceptively Ordinary,No,77741
Apprenticed under M. Bosch,Uncategorizable Thing,Steel and Dreams,Obsessively Detailed,No,507420
Apprenticed under T. Geisel,Tower,Glass and Steel,Hastily Sketched,Yes,39296
Self-Taught,Uncategorizable Thing,Glass and Steel,Deceptively Ordinary,No,33022
Apprenticed under M. Bosch,Tower,Wood and Nightmares,Hastily Sketched,Yes,770
Self-Taught,Library,Glass and Dreams,Obsessively Detailed,No,820287
Apprenticed under M. Escher,Uncategorizable Thing,Steel and Wood,Deceptively Ordinary,Yes,8373
Apprenticed under T. Geisel,Uncategorizable Thing,Glass and Silver,Deceptively Ordinary,Yes,104386
Apprenticed under P. Stamatin,Maze,Wood and Silver,Hastily Sketched,No,65201
Apprenticed under P. Stamatin,Maze,Steel and Dreams,Obsessively Detailed,No,801951
Apprenticed under M. Bosch,Tower,Silver and Steel,Hastily Sketched,Yes,68356
Apprenticed under P. Stamatin,Maze,Glass and Wood,Obsessively Detailed,No,34024
Apprenticed under P. Stamatin,Library,Glass and Silver,Deceptively Ordinary,No,96278
Apprenticed under P. Stamatin,Tower,Steel and Glass,Hastily Sketched,Yes,44246
Apprenticed under P. Stamatin,Tower,Steel and Glass,Obsessively Detailed,Yes,40460
Apprenticed under P. Stamatin,Library,Steel and Glass,Hastily Sketched,No,31717
Apprenticed under R. Penrose,Maze,Steel and Silver,Hastily Sketched,No,71265
Apprenticed under M. Escher,Gateway,Glass and Dreams,Hastily Sketched,Yes,832735
Apprenticed under T. Geisel,Gateway,Glass and Silver,Hastily Sketched,Yes,100168
Apprenticed under T. Geisel,Tower,Silver and Nightmares,Hastily Sketched,Yes,73205
Self-Taught,Gateway,Silver and Nightmares,Hastily Sketched,Yes,83812
Apprenticed under M. Bosch,Maze,Wood and Steel,Obsessively Detailed,No,3030
Apprenticed under M. Escher,Library,Wood and Glass,Hastily Sketched,No,29376
Self-Taught,Mechanism,Wood and Dreams,Obsessively Detailed,No,704094
Apprenticed under T. Geisel,Mechanism,Steel and Nightmares,Hastily Sketched,No,9306
Apprenticed under M. Bosch,Uncategorizable Thing,Silver and Steel,Hastily Sketched,Yes,72597
Apprenticed under M. Escher,Tower,Glass and Dreams,Deceptively Ordinary,Yes,398435
Apprenticed under R. Penrose,Uncategorizable Thing,Silver and Dreams,Hastily Sketched,Yes,616064
Self-Taught,Maze,Wood and Steel,Deceptively Ordinary,No,10353
Apprenticed under M. Bosch,Uncategorizable Thing,Glass and Dreams,Obsessively Detailed,No,439434
Self-Taught,Uncategorizable Thing,Glass and Steel,Deceptively Ordinary,No,32443
Apprenticed under M. Escher,Gateway,Steel and Glass,Obsessively Detailed,Yes,43670
Apprenticed under M. Escher,Uncategorizable Thing,Wood and Dreams,Obsessively Detailed,No,340487
Apprenticed under M. Bosch,Tower,Glass and Steel,Obsessively Detailed,Yes,42168
Apprenticed under M. Bosch,Tower,Glass and Silver,Obsessively Detailed,Yes,123762
Apprenticed under T. Geisel,Library,Glass and Dreams,Hastily Sketched,No,243191
Apprenticed under M. Escher,Mechanism,Steel and Nightmares,Deceptively Ordinary,No,6779
Self-Taught,Uncategorizable Thing,Steel and Silver,Hastily Sketched,Yes,66156
Self-Taught,Uncategorizable Thing,Steel and Silver,Deceptively Ordinary,No,78953
Apprenticed under T. Geisel,Tower,Glass and Steel,Hastily Sketched,Yes,41424
Self-Taught,Library,Silver and Dreams,Hastily Sketched,No,714771
Apprenticed under M. Bosch,Uncategorizable Thing,Wood and Steel,Hastily Sketched,No,10528
Apprenticed under R. Penrose,Mechanism,Glass and Dreams,Deceptively Ordinary,No,643060
Apprenticed under P. Stamatin,Uncategorizable Thing,Glass and Steel,Obsessively Detailed,No,30881
Self-Taught,Tower,Wood and Nightmares,Obsessively Detailed,Yes,543
Apprenticed under P. Stamatin,Mechanism,Wood and Nightmares,Obsessively Detailed,No,590
Apprenticed under T. Geisel,Mechanism,Wood and Glass,Obsessively Detailed,No,28610
Self-Taught,Uncategorizable Thing,Wood and Dreams,Obsessively Detailed,Yes,513824
Apprenticed under T. Geisel,Library,Wood and Dreams,Deceptively Ordinary,No,424948
Apprenticed under M. Bosch,Tower,Silver and Nightmares,Hastily Sketched,Yes,54553
Apprenticed under M. Bosch,Gateway,Steel and Silver,Hastily Sketched,Yes,83581
Apprenticed under P. Stamatin,Uncategorizable Thing,Silver and Dreams,Obsessively Detailed,No,567560
Apprenticed under M. Bosch,Uncategorizable Thing,Steel and Dreams,Obsessively Detailed,No,938153
Apprenticed under M. Bosch,Uncategorizable Thing,Wood and Steel,Obsessively Detailed,No,3109
Apprenticed under R. Penrose,Maze,Wood and Dreams,Obsessively Detailed,No,332206
Apprenticed under R. Penrose,Mechanism,Steel and Wood,Hastily Sketched,No,9455
Self-Taught,Maze,Wood and Silver,Hastily Sketched,No,74980
Apprenticed under P. Stamatin,Tower,Steel and Silver,Hastily Sketched,Yes,92389
Apprenticed under P. Stamatin,Gateway,Wood and Dreams,Obsessively Detailed,Yes,574110
Apprenticed under P. Stamatin,Gateway,Wood and Dreams,Hastily Sketched,Yes,244845
Apprenticed under M. Bosch,Uncategorizable Thing,Silver and Glass,Hastily Sketched,Yes,99027
Apprenticed under P. Stamatin,Uncategorizable Thing,Steel and Glass,Deceptively Ordinary,No,25501
Self-Taught,Gateway,Wood and Steel,Obsessively Detailed,Yes,8367
Self-Taught,Gateway,Wood and Dreams,Hastily Sketched,Yes,290354
Apprenticed under P. Stamatin,Maze,Wood and Nightmares,Obsessively Detailed,No,696
Apprenticed under M. Escher,Mechanism,Wood and Silver,Obsessively Detailed,No,62962
Apprenticed under P. Stamatin,Tower,Wood and Steel,Hastily Sketched,Yes,3787
Apprenticed under T. Geisel,Library,Glass and Wood,Hastily Sketched,No,23695
Apprenticed under R. Penrose,Uncategorizable Thing,Steel and Dreams,Hastily Sketched,Yes,280154
Apprenticed under R. Penrose,Library,Steel and Nightmares,Obsessively Detailed,No,3926
Apprenticed under P. Stamatin,Tower,Wood and Dreams,Hastily Sketched,Yes,492445
Apprenticed under T. Geisel,Uncategorizable Thing,Wood and Silver,Obsessively Detailed,No,69331
Apprenticed under R. Penrose,Library,Wood and Dreams,Hastily Sketched,No,552624
Apprenticed under P. Stamatin,Gateway,Wood and Dreams,Deceptively Ordinary,Yes,290503
Apprenticed under P. Stamatin,Mechanism,Wood and Dreams,Obsessively Detailed,No,385274
Self-Taught,Maze,Silver and Nightmares,Deceptively Ordinary,No,75988
Apprenticed under R. Penrose,Maze,Wood and Steel,Hastily Sketched,No,8404
Apprenticed under M. Escher,Mechanism,Wood and Glass,Deceptively Ordinary,No,31743
Apprenticed under R. Penrose,Uncategorizable Thing,Wood and Nightmares,Obsessively Detailed,Yes,982
Apprenticed under R. Penrose,Gateway,Silver and Wood,Obsessively Detailed,Yes,52732
Apprenticed under T. Geisel,Uncategorizable Thing,Steel and Dreams,Hastily Sketched,No,553761
Self-Taught,Mechanism,Steel and Wood,Obsessively Detailed,No,5935
Self-Taught,Maze,Steel and Glass,Deceptively Ordinary,No,26789
Apprenticed under M. Escher,Tower,Glass and Nightmares,Deceptively Ordinary,Yes,23688
Apprenticed under T. Geisel,Mechanism,Wood and Steel,Hastily Sketched,No,10678
Apprenticed under T. Geisel,Gateway,Silver and Steel,Deceptively Ordinary,Yes,93118
Apprenticed under M. Bosch,Uncategorizable Thing,Silver and Steel,Obsessively Detailed,Yes,72256
Apprenticed under M. Bosch,Uncategorizable Thing,Glass and Silver,Deceptively Ordinary,No,130407
Apprenticed under P. Stamatin,Mechanism,Wood and Silver,Deceptively Ordinary,No,82243
Self-Taught,Uncategorizable Thing,Steel and Nightmares,Deceptively Ordinary,Yes,7825
Apprenticed under M. Escher,Tower,Steel and Nightmares,Deceptively Ordinary,Yes,9774
Apprenticed under P. Stamatin,Gateway,Glass and Wood,Deceptively Ordinary,Yes,34091
Apprenticed under P. Stamatin,Mechanism,Silver and Glass,Hastily Sketched,No,108095
Apprenticed under P. Stamatin,Mechanism,Wood and Dreams,Hastily Sketched,No,239845
Apprenticed under T. Geisel,Uncategorizable Thing,Wood and Dreams,Hastily Sketched,No,726598
Apprenticed under R. Penrose,Uncategorizable Thing,Glass and Wood,Deceptively Ordinary,No,33401
Self-Taught,Gateway,Silver and Glass,Deceptively Ordinary,Yes,116673
Self-Taught,Mechanism,Steel and Wood,Obsessively Detailed,No,8499
Apprenticed under M. Bosch,Uncategorizable Thing,Silver and Dreams,Obsessively Detailed,No,1050074
Apprenticed under M. Escher,Tower,Steel and Nightmares,Obsessively Detailed,Yes,7960
Apprenticed under R. Penrose,Gateway,Steel and Wood,Deceptively Ordinary,Yes,4959
Apprenticed under R. Penrose,Mechanism,Silver and Glass,Hastily Sketched,No,109515
Self-Taught,Library,Steel and Silver,Hastily Sketched,No,65635
Apprenticed under T. Geisel,Mechanism,Silver and Dreams,Obsessively Detailed,No,383764
Self-Taught,Tower,Silver and Wood,Hastily Sketched,Yes,97005
Apprenticed under M. Bosch,Mechanism,Glass and Wood,Obsessively Detailed,No,31341
Apprenticed under P. Stamatin,Mechanism,Steel and Nightmares,Obsessively Detailed,No,4898
Apprenticed under R. Penrose,Uncategorizable Thing,Silver and Dreams,Deceptively Ordinary,No,325780
Self-Taught,Library,Glass and Nightmares,Obsessively Detailed,No,23857
Apprenticed under M. Bosch,Mechanism,Steel and Dreams,Deceptively Ordinary,No,929705
Apprenticed under M. Bosch,Gateway,Steel and Dreams,Hastily Sketched,Yes,757701
Apprenticed under R. Penrose,Tower,Steel and Glass,Obsessively Detailed,Yes,35157
Apprenticed under T. Geisel,Uncategorizable Thing,Glass and Silver,Obsessively Detailed,No,100449
Apprenticed under M. Bosch,Library,Silver and Wood,Obsessively Detailed,No,91682
Apprenticed under T. Geisel,Maze,Steel and Nightmares,Hastily Sketched,No,9839
Apprenticed under M. Bosch,Tower,Silver and Dreams,Obsessively Detailed,Yes,819076
Self-Taught,Tower,Steel and Wood,Deceptively Ordinary,Yes,7881
Self-Taught,Uncategorizable Thing,Glass and Dreams,Obsessively Detailed,No,309261
Apprenticed under R. Penrose,Uncategorizable Thing,Silver and Dreams,Hastily Sketched,Yes,561224
Apprenticed under P. Stamatin,Mechanism,Silver and Dreams,Deceptively Ordinary,No,1047519
Apprenticed under M. Escher,Maze,Steel and Glass,Obsessively Detailed,No,39700
Apprenticed under R. Penrose,Gateway,Glass and Silver,Obsessively Detailed,Yes,88374
Apprenticed under M. Bosch,Gateway,Steel and Wood,Deceptively Ordinary,Yes,2950
Apprenticed under R. Penrose,Tower,Glass and Nightmares,Hastily Sketched,Yes,24711
Apprenticed under M. Bosch,Library,Silver and Nightmares,Deceptively Ordinary,No,74920
Apprenticed under R. Penrose,Gateway,Steel and Wood,Obsessively Detailed,Yes,3849
Apprenticed under T. Geisel,Maze,Steel and Silver,Deceptively Ordinary,No,95265
Self-Taught,Tower,Wood and Dreams,Deceptively Ordinary,Yes,350781
Apprenticed under T. Geisel,Uncategorizable Thing,Steel and Dreams,Obsessively Detailed,No,777566
Apprenticed under T. Geisel,Tower,Wood and Nightmares,Obsessively Detailed,Yes,729
Self-Taught,Gateway,Glass and Wood,Obsessively Detailed,Yes,24450
Apprenticed under M. Bosch,Tower,Glass and Nightmares,Obsessively Detailed,Yes,20381
Apprenticed under M. Bosch,Library,Steel and Wood,Hastily Sketched,No,6995
Apprenticed under M. Bosch,Uncategorizable Thing,Glass and Nightmares,Hastily Sketched,Yes,20726
Apprenticed under T. Geisel,Tower,Wood and Dreams,Deceptively Ordinary,Yes,900163
Apprenticed under M. Bosch,Tower,Steel and Nightmares,Obsessively Detailed,Yes,6416
Apprenticed under R. Penrose,Maze,Wood and Silver,Obsessively Detailed,No,98845
Apprenticed under P. Stamatin,Tower,Glass and Dreams,Obsessively Detailed,Yes,266765
Apprenticed under P. Stamatin,Uncategorizable Thing,Steel and Wood,Obsessively Detailed,No,6488
Apprenticed under R. Penrose,Maze,Glass and Dreams,Hastily Sketched,No,846657
Apprenticed under M. Escher,Library,Glass and Steel,Hastily Sketched,No,35978
Apprenticed under M. Bosch,Mechanism,Steel and Dreams,Obsessively Detailed,No,803788
Apprenticed under M. Bosch,Library,Silver and Steel,Hastily Sketched,No,79782
Apprenticed under R. Penrose,Uncategorizable Thing,Steel and Nightmares,Hastily Sketched,Yes,9536
Apprenticed under R. Penrose,Maze,Steel and Glass,Hastily Sketched,No,45883
Apprenticed under R. Penrose,Tower,Steel and Wood,Obsessively Detailed,Yes,7666
Apprenticed under M. Bosch,Uncategorizable Thing,Silver and Steel,Obsessively Detailed,Yes,80684
Apprenticed under P. Stamatin,Maze,Wood and Dreams,Obsessively Detailed,No,705666
Apprenticed under T. Geisel,Maze,Silver and Glass,Hastily Sketched,No,97109
Apprenticed under P. Stamatin,Uncategorizable Thing,Glass and Nightmares,Obsessively Detailed,No,38435
Self-Taught,Gateway,Silver and Glass,Hastily Sketched,Yes,97121
Apprenticed under R. Penrose,Mechanism,Wood and Dreams,Hastily Sketched,No,958166
Apprenticed under M. Bosch,Library,Steel and Wood,Hastily Sketched,No,3799
Apprenticed under P. Stamatin,Maze,Silver and Dreams,Hastily Sketched,No,391069
Apprenticed under P. Stamatin,Uncategorizable Thing,Steel and Wood,Obsessively Detailed,No,3113
Apprenticed under P. Stamatin,Maze,Glass and Nightmares,Deceptively Ordinary,No,36914
Self-Taught,Uncategorizable Thing,Wood and Nightmares,Deceptively Ordinary,No,834
Self-Taught,Library,Steel and Wood,Hastily Sketched,No,9863
Apprenticed under M. Escher,Uncategorizable Thing,Steel and Dreams,Obsessively Detailed,Yes,650206
Apprenticed under T. Geisel,Maze,Wood and Glass,Deceptively Ordinary,No,25519
Apprenticed under M. Escher,Mechanism,Glass and Dreams,Obsessively Detailed,No,994516
Apprenticed under M. Escher,Maze,Wood and Dreams,Obsessively Detailed,No,467416
Apprenticed under P. Stamatin,Maze,Silver and Glass,Deceptively Ordinary,No,94065
Apprenticed under R. Penrose,Uncategorizable Thing,Silver and Glass,Hastily Sketched,No,114832
Apprenticed under P. Stamatin,Maze,Steel and Nightmares,Obsessively Detailed,No,3207
Self-Taught,Tower,Wood and Steel,Deceptively Ordinary,Yes,7296
Apprenticed under T. Geisel,Tower,Wood and Steel,Deceptively Ordinary,Yes,2924
Apprenticed under P. Stamatin,Library,Silver and Steel,Obsessively Detailed,No,105485
Apprenticed under M. Escher,Maze,Glass and Wood,Hastily Sketched,No,23319
Self-Taught,Maze,Wood and Silver,Obsessively Detailed,No,87432
Apprenticed under T. Geisel,Uncategorizable Thing,Silver and Dreams,Hastily Sketched,Yes,730212
Self-Taught,Gateway,Wood and Glass,Obsessively Detailed,Yes,26194
Apprenticed under P. Stamatin,Mechanism,Silver and Dreams,Deceptively Ordinary,No,733200
Apprenticed under M. Bosch,Uncategorizable Thing,Silver and Steel,Obsessively Detailed,No,92865
Apprenticed under P. Stamatin,Library,Steel and Glass,Hastily Sketched,No,34053
Apprenticed under P. Stamatin,Uncategorizable Thing,Wood and Dreams,Obsessively Detailed,No,980285
Apprenticed under T. Geisel,Tower,Steel and Nightmares,Deceptively Ordinary,Yes,9826
Self-Taught,Maze,Glass and Wood,Deceptively Ordinary,No,33124
Apprenticed under P. Stamatin,Uncategorizable Thing,Silver and Steel,Deceptively Ordinary,Yes,96549
Apprenticed under T. Geisel,Gateway,Wood and Nightmares,Hastily Sketched,Yes,834
Apprenticed under M. Bosch,Uncategorizable Thing,Glass and Dreams,Obsessively Detailed,Yes,881215
Apprenticed under T. Geisel,Library,Glass and Steel,Obsessively Detailed,No,44259
Apprenticed under M. Bosch,Uncategorizable Thing,Glass and Wood,Obsessively Detailed,Yes,40430
Apprenticed under P. Stamatin,Maze,Wood and Silver,Obsessively Detailed,No,98346
Apprenticed under T. Geisel,Uncategorizable Thing,Steel and Nightmares,Obsessively Detailed,Yes,6581
Apprenticed under M. Escher,Uncategorizable Thing,Glass and Nightmares,Deceptively Ordinary,No,30305
Apprenticed under T. Geisel,Gateway,Steel and Dreams,Deceptively Ordinary,Yes,459220
Apprenticed under P. Stamatin,Uncategorizable Thing,Steel and Silver,Obsessively Detailed,No,91970
Apprenticed under P. Stamatin,Uncategorizable Thing,Wood and Silver,Hastily Sketched,No,82727
Apprenticed under R. Penrose,Maze,Steel and Dreams,Deceptively Ordinary,No,548396
Self-Taught,Maze,Steel and Glass,Obsessively Detailed,No,33191
Apprenticed under P. Stamatin,Mechanism,Silver and Steel,Obsessively Detailed,No,66767
Self-Taught,Tower,Silver and Wood,Deceptively Ordinary,Yes,83651
Apprenticed under R. Penrose,Library,Wood and Nightmares,Obsessively Detailed,No,958
Apprenticed under P. Stamatin,Uncategorizable Thing,Wood and Nightmares,Obsessively Detailed,Yes,868
Apprenticed under P. Stamatin,Uncategorizable Thing,Silver and Wood,Deceptively Ordinary,Yes,91229
Apprenticed under M. Bosch,Uncategorizable Thing,Wood and Silver,Deceptively Ordinary,Yes,96496
Apprenticed under R. Penrose,Uncategorizable Thing,Wood and Silver,Obsessively Detailed,No,80518
Apprenticed under R. Penrose,Uncategorizable Thing,Wood and Steel,Deceptively Ordinary,Yes,6119
Apprenticed under P. Stamatin,Gateway,Silver and Dreams,Deceptively Ordinary,Yes,515906
Apprenticed under P. Stamatin,Mechanism,Wood and Steel,Obsessively Detailed,No,9799
Apprenticed under T. Geisel,Maze,Wood and Steel,Deceptively Ordinary,No,5279
Apprenticed under M. Bosch,Mechanism,Wood and Steel,Obsessively Detailed,No,3689
Self-Taught,Uncategorizable Thing,Steel and Glass,Obsessively Detailed,No,34863
Apprenticed under M. Bosch,Mechanism,Steel and Dreams,Hastily Sketched,No,375172
Apprenticed under M. Escher,Uncategorizable Thing,Wood and Silver,Hastily Sketched,No,58278
Self-Taught,Uncategorizable Thing,Steel and Wood,Obsessively Detailed,No,3330
Self-Taught,Uncategorizable Thing,Wood and Nightmares,Obsessively Detailed,No,675
Self-Taught,Mechanism,Wood and Glass,Hastily Sketched,No,29397
Apprenticed under P. Stamatin,Mechanism,Glass and Dreams,Hastily Sketched,No,594856
Apprenticed under M. Escher,Uncategorizable Thing,Wood and Nightmares,Hastily Sketched,Yes,631
Apprenticed under T. Geisel,Gateway,Steel and Nightmares,Obsessively Detailed,Yes,2003
Apprenticed under M. Bosch,Library,Silver and Wood,Hastily Sketched,No,80388
Apprenticed under M. Escher,Tower,Silver and Glass,Deceptively Ordinary,Yes,125714
Self-Taught,Uncategorizable Thing,Wood and Steel,Deceptively Ordinary,Yes,7696
Self-Taught,Tower,Steel and Silver,Deceptively Ordinary,Yes,55713
Self-Taught,Mechanism,Silver and Glass,Hastily Sketched,No,88034
Self-Taught,Tower,Steel and Silver,Hastily Sketched,Yes,72469
Apprenticed under M. Bosch,Gateway,Wood and Dreams,Hastily Sketched,Yes,483714
Apprenticed under M. Bosch,Gateway,Wood and Dreams,Hastily Sketched,Yes,927318
Apprenticed under M. Bosch,Mechanism,Silver and Dreams,Hastily Sketched,No,471210
Apprenticed under R. Penrose,Tower,Wood and Steel,Hastily Sketched,Yes,6401
Apprenticed under T. Geisel,Uncategorizable Thing,Steel and Glass,Obsessively Detailed,Yes,36544
Apprenticed under T. Geisel,Gateway,Wood and Silver,Hastily Sketched,Yes,96100
Apprenticed under M. Escher,Gateway,Glass and Nightmares,Deceptively Ordinary,Yes,23013
Apprenticed under M. Escher,Uncategorizable Thing,Wood and Dreams,Deceptively Ordinary,Yes,922182
Apprenticed under M. Bosch,Mechanism,Steel and Dreams,Hastily Sketched,No,987037
Apprenticed under P. Stamatin,Uncategorizable Thing,Steel and Wood,Deceptively Ordinary,Yes,7562
Apprenticed under T. Geisel,Tower,Silver and Wood,Obsessively Detailed,Yes,72763
Apprenticed under P. Stamatin,Tower,Silver and Nightmares,Obsessively Detailed,Yes,61777
Apprenticed under M. Bosch,Gateway,Steel and Dreams,Hastily Sketched,Yes,721974
Self-Taught,Tower,Glass and Nightmares,Hastily Sketched,Yes,29581
Self-Taught,Maze,Steel and Nightmares,Hastily Sketched,No,4278
Self-Taught,Maze,Wood and Steel,Deceptively Ordinary,No,8435
Apprenticed under P. Stamatin,Tower,Steel and Glass,Obsessively Detailed,Yes,34853
Self-Taught,Gateway,Steel and Glass,Obsessively Detailed,Yes,33231
Apprenticed under R. Penrose,Tower,Silver and Nightmares,Obsessively Detailed,Yes,54557
Apprenticed under M. Escher,Tower,Steel and Dreams,Obsessively Detailed,Yes,644583
Apprenticed under R. Penrose,Uncategorizable Thing,Glass and Silver,Obsessively Detailed,No,111819
Apprenticed under P. Stamatin,Uncategorizable Thing,Wood and Nightmares,Obsessively Detailed,Yes,705
Self-Taught,Maze,Silver and Glass,Hastily Sketched,No,80153
Apprenticed under M. Escher,Gateway,Wood and Nightmares,Obsessively Detailed,Yes,674
Apprenticed under R. Penrose,Gateway,Silver and Nightmares,Deceptively Ordinary,Yes,50016
Apprenticed under P. Stamatin,Tower,Glass and Dreams,Obsessively Detailed,Yes,920527
Apprenticed under P. Stamatin,Uncategorizable Thing,Wood and Steel,Hastily Sketched,Yes,8561
Self-Taught,Tower,Wood and Silver,Hastily Sketched,Yes,51318
Apprenticed under P. Stamatin,Mechanism,Steel and Dreams,Hastily Sketched,No,447723
Self-Taught,Gateway,Glass and Nightmares,Hastily Sketched,Yes,25582
Apprenticed under R. Penrose,Gateway,Wood and Nightmares,Deceptively Ordinary,Yes,586
Apprenticed under R. Penrose,Library,Wood and Dreams,Deceptively Ordinary,No,855167
Apprenticed under R. Penrose,Mechanism,Glass and Dreams,Hastily Sketched,No,612217
Apprenticed under T. Geisel,Uncategorizable Thing,Wood and Steel,Deceptively Ordinary,Yes,7634
Apprenticed under R. Penrose,Uncategorizable Thing,Silver and Nightmares,Deceptively Ordinary,No,54183
Apprenticed under M. Escher,Library,Steel and Wood,Obsessively Detailed,No,5131
Self-Taught,Library,Steel and Dreams,Hastily Sketched,No,969212
Apprenticed under P. Stamatin,Tower,Glass and Nightmares,Obsessively Detailed,Yes,22423
Self-Taught,Maze,Steel and Wood,Deceptively Ordinary,No,9169
Apprenticed under P. Stamatin,Gateway,Steel and Wood,Obsessively Detailed,Yes,8343
Apprenticed under M. Bosch,Maze,Steel and Dreams,Hastily Sketched,No,721662
Apprenticed under M. Escher,Uncategorizable Thing,Glass and Nightmares,Obsessively Detailed,No,21316
Self-Taught,Library,Glass and Nightmares,Hastily Sketched,No,38929
Apprenticed under M. Escher,Maze,Steel and Nightmares,Deceptively Ordinary,No,7440
Apprenticed under M. Bosch,Uncategorizable Thing,Steel and Glass,Obsessively Detailed,Yes,30747
Self-Taught,Uncategorizable Thing,Glass and Silver,Obsessively Detailed,Yes,104932
Apprenticed under R. Penrose,Mechanism,Glass and Dreams,Obsessively Detailed,No,733447
Apprenticed under T. Geisel,Gateway,Steel and Dreams,Obsessively Detailed,Yes,896732
Apprenticed under M. Escher,Gateway,Silver and Nightmares,Obsessively Detailed,Yes,77171
Apprenticed under T. Geisel,Uncategorizable Thing,Steel and Dreams,Deceptively Ordinary,No,238199
Apprenticed under M. Escher,Tower,Glass and Wood,Obsessively Detailed,Yes,25229
Apprenticed under P. Stamatin,Maze,Wood and Glass,Obsessively Detailed,No,25774
Self-Taught,Maze,Steel and Dreams,Hastily Sketched,No,482523
Apprenticed under T. Geisel,Uncategorizable Thing,Silver and Wood,Obsessively Detailed,No,69870
Apprenticed under P. Stamatin,Uncategorizable Thing,Wood and Glass,Deceptively Ordinary,No,34129
Apprenticed under M. Escher,Uncategorizable Thing,Glass and Nightmares,Obsessively Detailed,No,25638
Apprenticed under R. Penrose,Mechanism,Wood and Glass,Obsessively Detailed,No,26028
Apprenticed under M. Bosch,Library,Silver and Nightmares,Obsessively Detailed,No,74506
Self-Taught,Mechanism,Glass and Wood,Obsessively Detailed,No,34615
Apprenticed under P. Stamatin,Maze,Wood and Dreams,Obsessively Detailed,No,679572
Apprenticed under R. Penrose,Tower,Glass and Nightmares,Deceptively Ordinary,Yes,38672
Apprenticed under R. Penrose,Maze,Silver and Dreams,Hastily Sketched,No,1051642
Apprenticed under P. Stamatin,Tower,Silver and Glass,Obsessively Detailed,Yes,93353
Self-Taught,Gateway,Steel and Dreams,Hastily Sketched,Yes,348747
Self-Taught,Mechanism,Glass and Dreams,Hastily Sketched,No,557162
Self-Taught,Gateway,Steel and Silver,Hastily Sketched,Yes,92439
Apprenticed under T. Geisel,Library,Wood and Dreams,Obsessively Detailed,No,623598
Self-Taught,Mechanism,Wood and Steel,Deceptively Ordinary,No,2585
Apprenticed under P. Stamatin,Gateway,Silver and Nightmares,Deceptively Ordinary,Yes,78373
Apprenticed under P. Stamatin,Uncategorizable Thing,Silver and Nightmares,Hastily Sketched,Yes,94094
Apprenticed under M. Escher,Library,Glass and Silver,Deceptively Ordinary,No,94835
Apprenticed under P. Stamatin,Gateway,Silver and Steel,Deceptively Ordinary,Yes,106139
Apprenticed under P. Stamatin,Library,Glass and Nightmares,Hastily Sketched,No,21276
Apprenticed under M. Escher,Uncategorizable Thing,Silver and Nightmares,Hastily Sketched,No,50819
Apprenticed under T. Geisel,Mechanism,Steel and Wood,Obsessively Detailed,No,8979
Apprenticed under M. Escher,Maze,Steel and Nightmares,Obsessively Detailed,No,6254
Apprenticed under R. Penrose,Tower,Wood and Dreams,Obsessively Detailed,Yes,484432
Self-Taught,Mechanism,Glass and Wood,Hastily Sketched,No,34143
Apprenticed under M. Escher,Library,Wood and Silver,Hastily Sketched,No,61631
Apprenticed under R. Penrose,Gateway,Glass and Nightmares,Obsessively Detailed,Yes,25324
Apprenticed under M. Escher,Tower,Silver and Dreams,Hastily Sketched,Yes,561915
Apprenticed under M. Escher,Maze,Glass and Nightmares,Hastily Sketched,No,33735
Apprenticed under R. Penrose,Uncategorizable Thing,Silver and Wood,Hastily Sketched,No,92877
Apprenticed under M. Escher,Uncategorizable Thing,Wood and Steel,Deceptively Ordinary,Yes,7978
Apprenticed under P. Stamatin,Uncategorizable Thing,Wood and Nightmares,Hastily Sketched,Yes,985
Apprenticed under T. Geisel,Uncategorizable Thing,Glass and Steel,Obsessively Detailed,No,42612
Apprenticed under P. Stamatin,Tower,Glass and Dreams,Obsessively Detailed,Yes,291623
Apprenticed under M. Bosch,Gateway,Silver and Glass,Deceptively Ordinary,Yes,96606
Self-Taught,Maze,Glass and Nightmares,Hastily Sketched,No,21800
Apprenticed under M. Bosch,Mechanism,Glass and Dreams,Obsessively Detailed,No,896281
Self-Taught,Tower,Wood and Silver,Deceptively Ordinary,Yes,68924
Apprenticed under T. Geisel,Tower,Glass and Dreams,Obsessively Detailed,Yes,771178
Apprenticed under R. Penrose,Mechanism,Glass and Dreams,Obsessively Detailed,No,906431
Self-Taught,Uncategorizable Thing,Silver and Wood,Deceptively Ordinary,No,80948
Apprenticed under P. Stamatin,Gateway,Wood and Steel,Obsessively Detailed,Yes,2666
Apprenticed under R. Penrose,Gateway,Steel and Silver,Hastily Sketched,Yes,82186
Apprenticed under M. Escher,Tower,Steel and Dreams,Hastily Sketched,Yes,815291
Apprenticed under M. Bosch,Gateway,Glass and Nightmares,Deceptively Ordinary,Yes,24959
Apprenticed under M. Bosch,Mechanism,Glass and Dreams,Hastily Sketched,No,362527
Apprenticed under M. Escher,Tower,Silver and Nightmares,Hastily Sketched,Yes,74726
Apprenticed under M. Escher,Maze,Glass and Silver,Obsessively Detailed,No,109506
Apprenticed under M. Bosch,Tower,Wood and Glass,Hastily Sketched,Yes,36355
Apprenticed under T. Geisel,Library,Wood and Silver,Obsessively Detailed,No,71961
Apprenticed under T. Geisel,Maze,Wood and Nightmares,Obsessively Detailed,No,972
Apprenticed under M. Bosch,Uncategorizable Thing,Wood and Silver,Deceptively Ordinary,Yes,73795
Apprenticed under T. Geisel,Mechanism,Steel and Silver,Obsessively Detailed,No,73504
Apprenticed under M. Bosch,Mechanism,Glass and Silver,Obsessively Detailed,No,119263
Apprenticed under T. Geisel,Tower,Glass and Wood,Deceptively Ordinary,Yes,30861
Apprenticed under M. Escher,Tower,Glass and Nightmares,Obsessively Detailed,Yes,38254
Apprenticed under R. Penrose,Library,Wood and Nightmares,Obsessively Detailed,No,889
Apprenticed under T. Geisel,Mechanism,Silver and Wood,Obsessively Detailed,No,51210
Self-Taught,Tower,Steel and Dreams,Deceptively Ordinary,Yes,540404
Apprenticed under P. Stamatin,Mechanism,Steel and Wood,Obsessively Detailed,No,4520
Self-Taught,Uncategorizable Thing,Steel and Wood,Deceptively Ordinary,Yes,5588
Self-Taught,Tower,Steel and Nightmares,Obsessively Detailed,Yes,3222
Apprenticed under P. Stamatin,Uncategorizable Thing,Wood and Silver,Hastily Sketched,No,65945
Apprenticed under P. Stamatin,Maze,Wood and Nightmares,Obsessively Detailed,No,842
Apprenticed under T. Geisel,Gateway,Silver and Glass,Obsessively Detailed,Yes,86425
Apprenticed under M. Bosch,Library,Silver and Dreams,Obsessively Detailed,No,983928
Apprenticed under M. Bosch,Mechanism,Steel and Silver,Hastily Sketched,No,82723
Apprenticed under M. Bosch,Maze,Wood and Silver,Obsessively Detailed,No,52964
Apprenticed under P. Stamatin,Gateway,Silver and Steel,Obsessively Detailed,Yes,62507
Apprenticed under M. Bosch,Uncategorizable Thing,Glass and Dreams,Obsessively Detailed,Yes,651107
Apprenticed under M. Bosch,Gateway,Steel and Wood,Obsessively Detailed,Yes,6286
Apprenticed under M. Bosch,Uncategorizable Thing,Silver and Dreams,Hastily Sketched,Yes,599103
Apprenticed under M. Escher,Mechanism,Glass and Steel,Obsessively Detailed,No,34459
Apprenticed under R. Penrose,Uncategorizable Thing,Silver and Glass,Obsessively Detailed,No,96194
Apprenticed under M. Bosch,Maze,Wood and Dreams,Hastily Sketched,No,659158
Self-Taught,Maze,Wood and Dreams,Hastily Sketched,No,917253
Apprenticed under M. Bosch,Uncategorizable Thing,Glass and Nightmares,Obsessively Detailed,Yes,30918
Apprenticed under P. Stamatin,Gateway,Wood and Glass,Obsessively Detailed,Yes,33301
Apprenticed under M. Bosch,Mechanism,Steel and Glass,Obsessively Detailed,No,34260
Self-Taught,Maze,Steel and Dreams,Deceptively Ordinary,No,736193
Apprenticed under R. Penrose,Mechanism,Steel and Silver,Obsessively Detailed,No,91840
Apprenticed under R. Penrose,Tower,Glass and Wood,Obsessively Detailed,Yes,35013
Apprenticed under M. Bosch,Maze,Steel and Wood,Hastily Sketched,No,7349
Apprenticed under M. Bosch,Mechanism,Steel and Nightmares,Hastily Sketched,No,3620
Apprenticed under T. Geisel,Maze,Steel and Dreams,Hastily Sketched,No,869278
Self-Taught,Uncategorizable Thing,Wood and Glass,Hastily Sketched,No,39056
Apprenticed under M. Escher,Mechanism,Silver and Dreams,Obsessively Detailed,No,908933
Apprenticed under P. Stamatin,Uncategorizable Thing,Glass and Steel,Obsessively Detailed,Yes,29193
Apprenticed under R. Penrose,Tower,Silver and Steel,Obsessively Detailed,Yes,66295
Self-Taught,Uncategorizable Thing,Wood and Glass,Deceptively Ordinary,No,27875
Apprenticed under M. Escher,Library,Silver and Steel,Hastily Sketched,No,103761
Apprenticed under T. Geisel,Uncategorizable Thing,Silver and Dreams,Deceptively Ordinary,No,413125
Apprenticed under P. Stamatin,Mechanism,Steel and Nightmares,Deceptively Ordinary,No,3717
Self-Taught,Maze,Glass and Wood,Obsessively Detailed,No,32489
Self-Taught,Gateway,Glass and Wood,Hastily Sketched,Yes,23876
Apprenticed under M. Bosch,Uncategorizable Thing,Steel and Nightmares,Hastily Sketched,No,5622
Apprenticed under T. Geisel,Tower,Wood and Glass,Obsessively Detailed,Yes,40038
Apprenticed under P. Stamatin,Maze,Wood and Glass,Hastily Sketched,No,33620
Apprenticed under T. Geisel,Library,Glass and Wood,Deceptively Ordinary,No,22606
Apprenticed under M. Escher,Tower,Glass and Wood,Obsessively Detailed,Yes,39566
Apprenticed under M. Escher,Library,Silver and Nightmares,Hastily Sketched,No,78197
Self-Taught,Library,Glass and Wood,Obsessively Detailed,No,23968
Apprenticed under P. Stamatin,Gateway,Wood and Silver,Deceptively Ordinary,Yes,65010
Apprenticed under M. Bosch,Mechanism,Silver and Nightmares,Deceptively Ordinary,No,57403
Self-Taught,Tower,Steel and Silver,Obsessively Detailed,Yes,81272
Apprenticed under P. Stamatin,Gateway,Glass and Dreams,Hastily Sketched,Yes,668780
Self-Taught,Gateway,Steel and Glass,Obsessively Detailed,Yes,36709
Apprenticed under T. Geisel,Maze,Glass and Nightmares,Hastily Sketched,No,28286
Apprenticed under P. Stamatin,Library,Glass and Nightmares,Hastily Sketched,No,36069
Apprenticed under P. Stamatin,Tower,Wood and Dreams,Deceptively Ordinary,Yes,485052
Apprenticed under M. Bosch,Mechanism,Silver and Wood,Obsessively Detailed,No,82406
Apprenticed under M. Bosch,Maze,Silver and Glass,Obsessively Detailed,No,112495
